<?xml version='1.0' encoding='UTF-8'?>
<doc>
  <source><![CDATA[https://www.vesti.ru/doc.html?id=3148351&cid=8]]></source>
  <category verify="true" type="list" auto="true">
    <item type="str"><![CDATA[Новости]]></item>
    <item type="str"><![CDATA[Происшествия]]></item>
    <item type="str"><![CDATA[Все видео этой рубрики]]></item>
  </category>
  <title verify="true" type="str" auto="true"><![CDATA[Гаврилова из НИИ Росрезерва отправили за решетку вслед за Уланиным]]></title>
  <text verify="true" type="str" auto="true"><![CDATA[По делу о мошенничестве на 3 миллиарда рублей арестован начальник Управления нефтепродуктов, спецпродукции и товаров для чрезвычайных ситуаций НИИ проблем хранения Росрезерва Вадим Гаврилов.
Ранее Басманный суд Москвы вынес аналогичное решение в отношении директора НИИ проблем хранения Росрезерва Сергея Уланина, который до этого проходил по делу в качестве свидетеля. А накануне под домашний арест был отправлен заместитель главы Росрезерва Александр Кирюхин. Все трое обвиняются в особо крупном мошенничестве в составе организованной группы, сообщает ТАСС.
По данным следствия, деньги были похищены во время выполнения государственного контракта на восстановление дизельного топлива в комбинатах Росререзерва в различных регионах России. Организатором мошеннической схемы стал Кирюхин и иные неустановленные лица.]]></text>
</doc>
