<?xml version='1.0' encoding='UTF-8'?>
<doc>
  <source><![CDATA[https://www.vesti.ru/doc.html?id=3149689&cid=8]]></source>
  <category verify="true" type="list" auto="true">
    <item type="str"><![CDATA[Новости]]></item>
    <item type="str"><![CDATA[Происшествия]]></item>
    <item type="str"><![CDATA[Все видео этой рубрики]]></item>
  </category>
  <title verify="true" type="str" auto="true"><![CDATA[Ликсутов извинился перед застрявшими на три часа пассажирами метро]]></title>
  <text verify="true" type="str" auto="true"><![CDATA[3 часа 20 минут пассажиры ждали эвакуации из застрявших в тоннеле метро вагонов. Сразу три метропоезда встали между московскими станциями подземки "Шелепиха" и "Хорошевская" из-за потери напряжения на контактном рельсе. Застрявшим пассажирам свои извинения принес глава московского департамента транспорта и дорожно-транспортной инфраструктуры Максим Ликсутов.
Приоритетом была безопасность жизни пассажиров, подчеркнул Максим Ликсутов. Поэтому было отключено напряжение на рельсах, добавляет РИА Новости. Все застрявшие под землей пассажиры выведены на улицу. Для их перевозки и перевозки других пассажиров были пущены автобусы от станции "Рассказовка" до "Савеловской" и обратно.
"Ситуация для нас крайне нетипичная, — заверил Максим Ликсутов. — И мы сделаем все возможное, чтобы такой ситуации не повторилось".
Массовый сбой движения поездов 21 мая 2019 года произошел на Солнцевской и Большой кольцевой линиях московского метро. Поезда не ходили от станции "Раменки" до станции "Хорошевская". Станции "Савеловская", "Петровский парк" и "Шелепиха" Большой кольцевой линии московского метро были закрыты для входа пассажиров.
Никто из пассажиров во время остановки движения и эвакуации не пострадал.]]></text>
</doc>
