<?xml version='1.0' encoding='UTF-8'?>
<doc>
  <source><![CDATA[https://www.vesti.ru/doc.html?id=3150225&cid=7]]></source>
  <category verify="true" type="list" auto="true">
    <item type="str"><![CDATA[Новости]]></item>
    <item type="str"><![CDATA[Общество]]></item>
    <item type="str"><![CDATA[Все видео этой рубрики]]></item>
  </category>
  <title verify="true" type="str" auto="true"><![CDATA[В Екатеринбурге выберут место для храма персональным голосованием]]></title>
  <text verify="true" type="str" auto="true"><![CDATA[Мэр Екатеринбурга Александр Высокинский предлагает провести голосование по вопросу выбора площадки для строительства храма Святой Екатерины, установив три места для голосования в разных точках города, передает РИА Новости.
По его словам, в опросе должно быть три точки в разных районах города. Голосование будет обеспечено видеоконтролем. Мэр отметил, что камеры будут выведены на серверы городской администрации, также у точек могут разместиться наблюдатели с каждой стороны для контроля за опросом.
Как сообщалось, на прошлой неделе в центре Екатеринбурга прошли акции протеста против строительства храма в сквере в центре города. Полицейские задержали около 100 человек.
Власти города пообещали провести опрос жителей на предмет их отношения к строительству храма в сквере, так как необходимо учесть мнение горожан. Ранее такое предложение высказал президент РФ Владимир Путин.
Губернатор Свердловской области Евгений Куйвашев накануне заявил, что нужно выбрать более подходящее место для возведения храма святой Екатерины. Он попросил главу Екатеринбурга исключить сквер из перечня вариантов новой площадки.]]></text>
</doc>
