<?xml version='1.0' encoding='UTF-8'?>
<doc>
  <source><![CDATA[https://www.vesti.ru/doc.html?id=3149902&cid=7]]></source>
  <category verify="true" type="list" auto="true">
    <item type="str"><![CDATA[Новости]]></item>
    <item type="str"><![CDATA[Общество]]></item>
    <item type="str"><![CDATA[Все видео этой рубрики]]></item>
  </category>
  <title verify="true" type="str" auto="true"><![CDATA[Улюкаев переживает из-за развода с женой]]></title>
  <text verify="true" type="str" auto="true"><![CDATA[Из сообщений в окружении бывшего главы Минэкономразвития Алексея Улюкаева, который отбывает 8-летний срок в колонии №1 в Тверской области за получение взятки, стало известно о его разводе с женой.
Источник рассказал ТАСС, что бракоразводный процесс сильно влияет на морально-психологическое состояние экс-министра.
По данным из открытых источников, это уже второй брак Алексея Улюкаева. У него и Юлии Хряпиной (1983 года рождения) растут двое несовершеннолетних детей – сын и дочь.
До бракосочетания с экс-министром Хряпина работала научным сотрудником Института экономической политики имени Гайдара.
Из опубликованного панамского досье компании Mossack Fonseca следует, что она сменила сына Улюкаева Дмитрия в кресле главы офшорной компании Ronnieville Ltd (Британские Виргинские острова) и руководила ею с 2006-го по 2009 год.
Сам Алексей Улюкаев утверждал, что к этой офшорной компании отношения не имеет.
К восьми годам лишения свободы и штрафу в размере 130 миллионов рублей Алексей Улюкаев был приговорен судом в декабре 2017 года. Бывшего министра признали виновным в получении взятки в размере 2 миллионов долларов от главы "Роснефти" Игоря Сечина.
В феврале 2019-го Замоскворецкий суд Москвы снял арест с его имущества, так как Улюкаев заплатил штраф в 130 миллионов рублей, и эти средства, как заверил прокурор, уже поступили в бюджет.
Адвокат экс-министра Виктория Бурковская, в свою очередь, сообщила, что на условия содержания в колонии бывший министр не жалуется, за ним нарушений нет, и нарушений его прав администрация ИК также не допускает.
Бурковская рассказала, что Улюкаев работает в библиотеке, ведет литературный кружок и пишет стихи.
23 марта ему исполнилось 63 года, и в этот день, как рассказал замглавы ФСИН Валерий Максименк, экс-министра поздравили и руководство колонии, и его отряд.]]></text>
</doc>
