<?xml version='1.0' encoding='UTF-8'?>
<doc>
  <source><![CDATA[https://www.vesti.ru/doc.html?id=3149764&cid=680]]></source>
  <category verify="true" type="list" auto="true">
    <item type="str"><![CDATA[Новости]]></item>
    <item type="str"><![CDATA[Спорт]]></item>
    <item type="str"><![CDATA[Все видео этой рубрики]]></item>
  </category>
  <title verify="true" type="str" auto="true"><![CDATA[Александр Хацкевич может возглавить казанский Рубин]]></title>
  <text verify="true" type="str" auto="true"><![CDATA[Круг кандидатов на должность главного тренера казанского "Рубина" пополнил Александр Хацкевич. В настоящее время белорусский специалист тренирует киевское "Динамо".
Контракт Хацкевича с киевлянами истекает 31 мая. Не исключено, что он продолжит тренерскую карьеру в "Рубине". Ранее потенциальными преемниками Курбана Бердыева назывались Роберт Евдокимов, Роман Шаронов и Владимир Федотов.
Испытывающий финансовые проблемы "Рубин" намерен снизить зарплату тренеру. Бердыев не согласен с этой мерой и намерен расторгнуть контракт по окончанию сезона.]]></text>
</doc>
