<?xml version='1.0' encoding='UTF-8'?>
<doc>
  <source><![CDATA[https://www.vesti.ru/doc.html?id=3148142&cid=680]]></source>
  <category verify="true" type="list" auto="true">
    <item type="str"><![CDATA[Новости]]></item>
    <item type="str"><![CDATA[Спорт]]></item>
    <item type="str"><![CDATA[Все видео этой рубрики]]></item>
  </category>
  <title verify="true" type="str" auto="true"><![CDATA[Победы Ковачу не помогут Бавария готова уволить главного тренера]]></title>
  <text verify="true" type="str" auto="true"><![CDATA[Мюнхенская "Бавария" продолжает оставаться главным претендентом на победу в чемпионате и Кубке Германии. При этом и руководство, и ведущие игроки клуба недовольны главным тренером хорватом Нико Ковачем, которому грозит отставка.
Инсайдеры интернет-издания Spox.Com сообщили, что Ковач покинет мюнхенский клуб и в случае "золотого дубля" в национальных турнирах, и если титулы ускользнут от "Баварии". Ранее в сети пришла информация, что работой Ковача разочарован ряд игроков, которые критикуют его за однообразие тренировок и отсутствие тактической гибкости.
Баварцы имеют двух кандидатов на замену хорвату: это голландцы Марк ван Боммел и Эрик тен Хаг. Оба они работают на родине в клубах-конкурентах – в ПСВ и "Аяксе" соответственно.
42-летний ван Боммел играл за "Баварию" пять сезонов и дважды становился чемпионом и обладателем Кубка Германии и страны. Тен Хаг с амстердамским клубом обошел ПСВ ван Боммела в таблице и добрался сместе с "Аяксом" до полуфинала Лиги чемпионов.]]></text>
</doc>
