<?xml version='1.0' encoding='UTF-8'?>
<doc>
  <source><![CDATA[https://www.vesti.ru/doc.html?id=3149719&cid=8]]></source>
  <category verify="true" type="list" auto="true">
    <item type="str"><![CDATA[Новости]]></item>
    <item type="str"><![CDATA[Происшествия]]></item>
    <item type="str"><![CDATA[Все видео этой рубрики]]></item>
  </category>
  <title verify="true" type="str" auto="true"><![CDATA[Блокированные в Кольчугине боевики нейтрализованы]]></title>
  <text verify="true" type="str" auto="true"><![CDATA[Двое боевиков, заблокированных силовиками в частном жилом доме в городе Кольчугино Владимирской области, нейтрализованы.
Представитель Национального антитеррористического комитета (НАК) сообщил, что в ответ на предложение сложить оружие и сдаться преступники открыли огонь по сотрудникам правоохранительных органов. В ходе завязавшейся перестрелки они были нейтрализованы ответным огнем.
К настоящему времени предварительно установлены личности ликвидированных бандитов, являвшихся сторонниками одной из террористических группировок, передает ТАСС. Известно, что они поддерживали связь с эмиссарами за рубежом и готовили террористический акт в месте массового скопления людей.
На месте боестолкновения обнаружено принадлежащее террористам огнестрельное оружие, боеприпасы, готовое к применению самодельное взрывное устройство, а также религиозно-экстремистская литература.
Как сообщалось, в ночь на среду, 22 мая, на окраине города Кольчугино, где готовившие теракт боевики были заблокированы в частном жилом доме, был введен режим контртеррористической операции. Жильцы находящихся в непосредственной близости к месту проведения операции домов были эвакуированы в целях безопасности.]]></text>
</doc>
