<?xml version='1.0' encoding='UTF-8'?>
<doc>
  <source><![CDATA[https://www.vesti.ru/doc.html?id=3147991&cid=8]]></source>
  <category verify="true" type="list" auto="true">
    <item type="str"><![CDATA[Новости]]></item>
    <item type="str"><![CDATA[Происшествия]]></item>
    <item type="str"><![CDATA[Все видео этой рубрики]]></item>
  </category>
  <title verify="true" type="str" auto="true"><![CDATA[В Бразилии концерн Vale предупредил о возможном обрушении еще одной дамбы]]></title>
  <text verify="true" type="str" auto="true"><![CDATA[В Бразилии в ближайшие дни ожидают обрушения еще одной дамбы в районе горнодобывающего предприятия. Об этом власти предупредил концерн Vale.
Именно дамбу, которая сдерживала воду с отходами металлургической промышленности, прорвало в конце января текущего года. Тогда погибли более 200 человек, грязевые потоки затопили дома и административные постройки.
Сейчас бразильские власти требуют, чтобы компания немедленно оповестила население о возможных рисках, провела эвакуацию и отправила в регион специалистов, способных оказать населению оперативную помощь в случае ЧП.]]></text>
</doc>
