<?xml version='1.0' encoding='UTF-8'?>
<doc>
  <source><![CDATA[https://www.vesti.ru/doc.html?id=3148118&cid=7]]></source>
  <category verify="true" type="list" auto="true">
    <item type="str"><![CDATA[Новости]]></item>
    <item type="str"><![CDATA[Общество]]></item>
    <item type="str"><![CDATA[Все видео этой рубрики]]></item>
  </category>
  <title verify="true" type="str" auto="true"><![CDATA[Добродеев о Доренко Сергей был самым ярким журналистом своего времени]]></title>
  <text verify="true" type="str" auto="true"><![CDATA[На Троекуровском кладбище завершилась церемония прощания с Сергеем Доренко, передает "Интерфакс". Отдать дань памяти журналисту пришли его родные, коллеги и друзья. Сотни поклонников принесли цветы, венки и свечи. Многие плакали и говорили слова поддержки семье журналиста: вдове Юлии, сыну Прохору, дочерям Екатерине и Ксении. Журналиста провожали аплодисментами.
Как сообщалось, главный редактор радиостанции "Говорит Москва" погиб 9 мая в возрасте 59 лет.  Ему стало плохо, когда он ехал на мотоцикле по центру Москвы.  Изначально церемония прощания была назначена на 12 мая, однако дату пришлось перенести. Его дочери потребовали повторной судмедэкспертизы, заявив, что их отца могли отравить, но это не подтвердилось. Специалисты подтвердили, что причиной смерти стал разрыв  аорты.
Гендиректор Всероссийской государственной телевизионной и радиовещательной компании Олег Добродеев отметил, что Сергей Доренко был ярчайшим журналистом своего времени.
"Сергей был, безусловно, самым ярким журналистом своего времени, самым ярким телевизионным журналистом, поскольку время было, наверное, самое тяжелое, самое драматичное в истории нашей страны, можно сказать одно — Сергей был абсолютно соразмерен этому времени. Он рвал все стереотипы, представления о журналистике, о том, что можно и что нельзя, но навсегда останется в памяти всех, кто его знал, и кто его любил", — сказал Добродеев в ходе церемонии.
Глава ВГТРК добавил, что надеется, что с радиостанцией будет все благополучно, потому что Доренко вложил в неё столько сил, воли, энергии. "На самом деле то, что Сергей делал в эфире, он рвал абсолютно все. Он вставал каждое утро в 4 часа утра, это совершенно особая жизнь, ты подчиняешься этому ритму", — отметил Добродеев.]]></text>
</doc>
