<?xml version='1.0' encoding='UTF-8'?>
<doc>
  <source><![CDATA[https://www.vesti.ru/doc.html?id=3150113]]></source>
  <category verify="true" type="list" auto="true">
    <item type="str"><![CDATA[Новости]]></item>
  </category>
  <title verify="true" type="str" auto="true"><![CDATA[У аэропорта города Хама армия Сирии сбила запущенный террористами беспилотник]]></title>
  <text verify="true" type="str" auto="true"><![CDATA[В Сирии в окрестностях аэропорта города Хама правительственная армия САР сбила беспилотник, который был запущен боевиками террористической группировки "Джебхат ан-Нусра" (запрещена в России). Об этом сообщило информационное агентство Reuters, ссылаясь на сирийского государственное телевидение.
Пока не приводится никаких других подробностей инцидента.
В среду, 22 мая, агентство SANA сообщило о том, что террористы, нарушившие режим прекращения огня, атаковали теплоэлектростанцию в населенном пункте Зара, расположенном к югу от провинциального центра Хама, и вывели ее из строя. При атаке боевики использовали беспилотники. Оборудованию и технике электростанции был нанесен серьезный материальный ущерб, напоминает ТАСС.]]></text>
</doc>
