<?xml version='1.0' encoding='UTF-8'?>
<doc>
  <source><![CDATA[https://www.vesti.ru/doc.html?id=3150757&cid=7]]></source>
  <category verify="true" type="list" auto="true">
    <item type="str"><![CDATA[Новости]]></item>
    <item type="str"><![CDATA[Общество]]></item>
    <item type="str"><![CDATA[Все видео этой рубрики]]></item>
  </category>
  <title verify="true" type="str" auto="true"><![CDATA[Грефа переизбрали главой Сбербанка]]></title>
  <text verify="true" type="str" auto="true"><![CDATA[На годовом собрании в пятницу акционеры Сбербанка России снова избрали Германа Грефа президентом — председателем правления кредитной организации еще на четыре года, передает "Интерфакс".
Греф на посту президента Сбербанка с ноября 2007 года, ранее он был министром экономического развития РФ. Его полномочия продлены с 29 ноября 2019 года.
В интервью "Коммерсанту" Греф заявил ранее, что рассчитывает на построение работающей экосистемы Сбербанка к 2024 году, к завершению своего контракта. Также ранее неоднократно топ-менеджер говорил, что после окончания работы в Сбербанке он не намерен возвращаться в правительство.]]></text>
</doc>
