<?xml version='1.0' encoding='UTF-8'?>
<doc>
  <source><![CDATA[https://www.vesti.ru/doc.html?id=3149724&cid=680]]></source>
  <category verify="true" type="list" auto="true">
    <item type="str"><![CDATA[Новости]]></item>
    <item type="str"><![CDATA[Спорт]]></item>
    <item type="str"><![CDATA[Все видео этой рубрики]]></item>
  </category>
  <title verify="true" type="str" auto="true"><![CDATA[Краснодар заинтересован в хавбеке Зволле Намли]]></title>
  <text verify="true" type="str" auto="true"><![CDATA[Футбольный "Краснодар" в ближайшее трансферное окно может приобрести датского футболиста Юнеса Намли. Текущий сезон полузащитник марокканского происхождения проводит в голландском "Зволле". О ведущихся переговорах сообщил агент игрока Рене Канхай.
"Мы ведем переговоры с несколькими клубами и для Юнеса "Краснодар" – отличный вариант, — приводит слова агента "Спорт-экспресс" со ссылкой на Voetbal International. – Это действительно большой клуб, идущий на третьем месте в российской лиге. Это означает выступления в Лиге чемпионов в следующем сезоне, а это хороший уровень для Юнеса, чтобы показать себя. Но нужно, чтобы его самого все устроило".
Намли 24 года. В "Зволле" он с 2017 года, куда перешел из "Херенвена". В текущем сезоне он принял участие в 33 встречах чемпионата Нидерландов, забив четыре мяча.]]></text>
</doc>
