<?xml version='1.0' encoding='UTF-8'?>
<doc>
  <source><![CDATA[https://www.vesti.ru/doc.html?id=3150177&cid=7]]></source>
  <category verify="true" type="list" auto="true">
    <item type="str"><![CDATA[Новости]]></item>
    <item type="str"><![CDATA[Общество]]></item>
    <item type="str"><![CDATA[Все видео этой рубрики]]></item>
  </category>
  <title verify="true" type="str" auto="true"><![CDATA[Российский Forbes назвал 20 самых богатых наследников]]></title>
  <text verify="true" type="str" auto="true"><![CDATA[Самым богатым наследником по версии журнала Forbes четвертый год подряд признается сын президента "Лукойла" Вагита Алекперова Юсуф.
В рейтинг наследников самых богатых предпринимателей России вошли 20 семей, где на каждого ребенка приходится не менее 2,3 миллиарда долларов. Для создания рейтинга журнал берет состояние миллиардера и делит его на всех признанных детей.
По сравнению с прошлым годом состав участников изменился не значительно. На месте Дениса Гапонцева — сына основателя IPG Photonics Валентина Гапонцева оказался сын основного владельца ТМК и группы "Синара" Дмитрия Пумпянского Александр.
В конце прошло месяца в России насчитывалось 103 миллиардера, чье совокупное состояние составило 440 миллиардов долларов.
Год назад Алекперов рассказал, что передачу своих акций компании он оформил через траст, наследники не смогут раздробить пакет. Осенью 2017 года в интервью Bloomberg олигарх признался, что ищет преемника, так как его сын на эту роль не подходит.]]></text>
</doc>
