<?xml version='1.0' encoding='UTF-8'?>
<doc>
  <source><![CDATA[https://www.vesti.ru/doc.html?id=3147992&cid=680]]></source>
  <category verify="true" type="list" auto="true">
    <item type="str"><![CDATA[Новости]]></item>
    <item type="str"><![CDATA[Спорт]]></item>
    <item type="str"><![CDATA[Все видео этой рубрики]]></item>
  </category>
  <title verify="true" type="str" auto="true"><![CDATA[Роберто Карлос готов помочь махачкалинскому Анжи]]></title>
  <text verify="true" type="str" auto="true"><![CDATA[Бывший защитник махачкалинского "Анжи" Роберто Карлос признался, что готов оказать поддержку клубу, попавшему в сложную финансовую ситуацию. Бразилец сообщил, что пока представители дагестанской команды не обращались к нему за помощью.
"Очень трудно видеть "Анжи" в этой ситуации после того, что было сделано. Сулейман Керимов вывел "Анжи" на очень высокий уровень. Если они попросят о поддержке, я буду рад ее оказать", – цитирует Карлоса РИА Новости.
А вот бывший форвард махачкалинцев Самюэль Это'о не собирается помогать бывшему клубу. Об этом он сообщил российскому агентству. Ранее стало известно, что "Анжи" из-за долгов не прошел процедуру лицензирования Российского футбольного союза на сезон-2019/20.]]></text>
</doc>
