<?xml version='1.0' encoding='UTF-8'?>
<doc>
  <source><![CDATA[https://www.vesti.ru/doc.html?id=3148186&cid=680]]></source>
  <category verify="true" type="list" auto="true">
    <item type="str"><![CDATA[Новости]]></item>
    <item type="str"><![CDATA[Спорт]]></item>
    <item type="str"><![CDATA[Все видео этой рубрики]]></item>
  </category>
  <title verify="true" type="str" auto="true"><![CDATA[Немецкая биатлонистка Лаура Дальмайер завершила карьеру]]></title>
  <text verify="true" type="str" auto="true"><![CDATA[Одна из ведущих немецких биатлонисток, двукратная олимпийская чемпионка Лаура Дальмайер приняла решение завершить карьеру в большом спорте. На своей лично страничке в одной из социальных сетей 25-летняя спортсменка сообщила поклонникам, что уходит на пике.
"Пришло время прощаться, — заявила Дальмайер. – После невероятно тяжелого сезона, полного взлетов и падений, я больше не чувствую стопроцентную страсть, необходимую для профессионального спорта. Поэтому я решила закончить свою биатлонную карьеру".
"С самого детства я полностью посвящала себя биатлону. Я пережила великолепные моменты, познакомилась с замечательными людьми, без которых все это было бы невозможно. Большое спасибо за все годы, которые я провела в этом спорте – они сделали меня тем, кто я есть", – написала немка.
Посмотреть эту публикацию в Instagram
Dear fans, friends, partners and companions — it's time to say goodbye! 👋 After an unbelievably tough season full of ups and downs, I no longer feel the one hundred percent passion required for professional sport. That's why I have decided to end my active biathlon career after some time of reflection. Since my childhood, I have dedicated myself completely to biathlon, I was able to experience incredibly great and intense moments and got to know some wonderful companions and supporters, without whom all this would not have been possible. Many thanks for all the years I spent in this sport — they made me who I am! 🙏 To make room for new adventures, it's time for me to close the biathlon chapter. A detailed report about my reasons for ending my career can be found on my website — link in bio. I am looking forward to what is awaiting me now — see you out there! 🙂 Best, Laura ✌️ #bettertobefAst
Публикация от Laura_Dahlmeier (@laura_dahlmeier) 17 Май 2019 в 3:56 PDT
Пиком карьеры для Дальмайер стали зимние Олимпийские игры 2018 года в корейском Пхенчхане, где она стала победительницей в спринте и гонке преследования, а также выиграла бронзу в индивидуальной гонке. Семь раз немка становилась чемпионкой мира.]]></text>
</doc>
