<?xml version='1.0' encoding='UTF-8'?>
<doc>
  <source><![CDATA[https://www.vesti.ru/doc.html?id=3149697&cid=9]]></source>
  <category verify="true" type="list" auto="true">
    <item type="str"><![CDATA[Новости]]></item>
    <item type="str"><![CDATA[В мире]]></item>
    <item type="str"><![CDATA[Все видео этой рубрики]]></item>
  </category>
  <title verify="true" type="str" auto="true"><![CDATA[Борьба против пошлин в США не все довольны протекционистской политикой Трампа]]></title>
  <text verify="true" type="str" auto="true"><![CDATA[Американские производители обуви призвали правительство отменить повышенные тарифы на ввоз китайских товаров. Письмо в Минфин уже подписали 173 компании, включая гигантов отрасли, отмечает телеканал "Россия 24". Они заявили, что пошлину в 25 процентов придется платить не Китаю, а покупателям из США — и она угрожает развитию обувной промышленности.]]></text>
</doc>
