<?xml version='1.0' encoding='UTF-8'?>
<doc>
  <source><![CDATA[https://www.vesti.ru/doc.html?id=3150530&cid=8]]></source>
  <category verify="true" type="list" auto="true">
    <item type="str"><![CDATA[Новости]]></item>
    <item type="str"><![CDATA[Происшествия]]></item>
    <item type="str"><![CDATA[Все видео этой рубрики]]></item>
  </category>
  <title verify="true" type="str" auto="true"><![CDATA[Неудачный заплыв спасатели вытащили из Москва-реки пьяного мужчину]]></title>
  <text verify="true" type="str" auto="true"><![CDATA[В пресс-службе столичного департамента по делам ГО, ЧС и пожарной безопасности сообщили, что спасатели вытащили из воды молодого человека, спрыгнувшего с набережной и пытавшегося на спор переплыть Москва-реку.
Инцидент произошел вечером 23 мая. С Фрунзенской набережной в районе Министерства обороны РФ в воду прыгнул молодой человек 1998 года рождения. Позже было установлено, что он на спор с друзьями собрался переплыть реку до причала Парка Горького. Кроме того, "пловец" оказался в состоянии алкогольного опьянения, передает ТАСС.
Спасатели обнаружили его на судовом ходу реки, вытащили из воды и на катере доставили на поисково-спасательную станцию, где был передан наряду полиции.]]></text>
</doc>
