<?xml version='1.0' encoding='UTF-8'?>
<doc>
  <source><![CDATA[https://www.vesti.ru/doc.html?id=3150107&cid=7]]></source>
  <category verify="true" type="list" auto="true">
    <item type="str"><![CDATA[Новости]]></item>
    <item type="str"><![CDATA[Общество]]></item>
    <item type="str"><![CDATA[Все видео этой рубрики]]></item>
  </category>
  <title verify="true" type="str" auto="true"><![CDATA[Художник Бэнкси рассказал о своем неофициальном участии в Венецианской биеннале]]></title>
  <text verify="true" type="str" auto="true"><![CDATA[Художник-аноним Бэнкси выложил видео о том, как он поучаствовал в Венецианской биеннале.
Бэнкси написал в Instagram: "Несмотря на то, что это крупнейшее и самое престижное мероприятие в мире искусства, по какой-то причине меня никогда сюда не приглашали".
          Посмотреть эту публикацию в Instagram
                  . Setting out my stall at the Venice Biennale. Despite being the largest and most prestigious art event in the world, for some reason I’ve never been invited.
Публикация от Banksy (@banksy) 22 Май 2019 в 8:01 PDT
Художник выставил свою работу, название которой включает игру слов: "Венеция в масле" — она же "Венеция в нефти". На нескольких полотнах, написанных маслом, изображен круизный лайнер, который сбрасывает отходы прямо в море у берега Венеции. Видео заканчивается тем, что мужчину, выставившего инсталляцию, прогоняют сотрудники полиции, передает телеканал "Россия 24".]]></text>
</doc>
