<?xml version='1.0' encoding='UTF-8'?>
<doc>
  <source><![CDATA[https://www.vesti.ru/doc.html?id=3147980&cid=6]]></source>
  <category verify="true" type="list" auto="true">
    <item type="str"><![CDATA[Новости]]></item>
    <item type="str"><![CDATA[Экономика]]></item>
    <item type="str"><![CDATA[Все видео этой рубрики]]></item>
  </category>
  <title verify="true" type="str" auto="true"><![CDATA[Дональд Трамп отменил льготный режим торговли с Турцией]]></title>
  <text verify="true" type="str" auto="true"><![CDATA[17 мая президент Соединенных Штатов Америки Дональд Трамп исключил Турецкую Республику из списка развивающихся стран и отменил льготный режим торговли с этой страной. Об этом сообщают представители пресс-службы Белого дома.
Американский лидер сообщил о своем решении властям Турции и конгрессу США заблаговременно – 4 марта текущего года, передает телеканал "Россия 24".
Ранее власти США сообщали, что планируют пересмотреть участие Турции в программе преференций для импорта в связи с тем, что крайне обеспокоены фактом соблюдения Анкарой критериев для доступа к ней.
В Анкаре разочарованы таким решением. Там подчеркнули, это в итоге плохо скажется на малом и среднем бизнесе непосредственно в Соединенных Штатах.]]></text>
</doc>
