<?xml version='1.0' encoding='UTF-8'?>
<doc>
  <source><![CDATA[https://www.vesti.ru/doc.html?id=3148195&cid=8]]></source>
  <category verify="true" type="list" auto="true">
    <item type="str"><![CDATA[Новости]]></item>
    <item type="str"><![CDATA[Происшествия]]></item>
    <item type="str"><![CDATA[Все видео этой рубрики]]></item>
  </category>
  <title verify="true" type="str" auto="true"><![CDATA[Избившего пилотов Аэрофлота дебошира отправили в СИЗО]]></title>
  <text verify="true" type="str" auto="true"><![CDATA[По меньшей мере два месяца проведет в следственном изоляторе Максим Пашнин, устроивший пьяный дебош на борту самолета и затеявший драку с экипажем "Аэрофлота" в аэропорту Новосибирска. В пятницу Областной городской суд постановил на два месяца взять 36-летнего буяна под стражу.
  Ранее судимый Пашнин утром 14 мая крепко набрался перед вылетом в Москву и на борт воздушного судна поднялся с зажженной сигаретой. На требования стюардессы прекратить курить пассажир ответил оскорблениями, а с появившимися пилотами решил поговорить по-мужски. В итоге снять с рейса дебошира удалось только с помощью полиции, но и в отделении закованный в наручники мужчина продолжал сквернословить и крушить мебель.
По неподтвержденным данным, уроженец Челябинской области направлялся в столицу на свидание, а за бутылку взялся из-за аэрофобии — в его крови обнаружили алкоголь на уровне 1,57 промилле.
За хулиганство на борту воздушного судна и сопротивление стражам порядка Пашнину грозит вплоть до семи лет лишения свободы.]]></text>
</doc>
