<?xml version='1.0' encoding='UTF-8'?>
<doc>
  <source><![CDATA[https://www.vesti.ru/doc.html?id=3150104&cid=8]]></source>
  <category verify="true" type="list" auto="true">
    <item type="str"><![CDATA[Новости]]></item>
    <item type="str"><![CDATA[Происшествия]]></item>
    <item type="str"><![CDATA[Все видео этой рубрики]]></item>
  </category>
  <title verify="true" type="str" auto="true"><![CDATA[Прокуратура Италии завела уголовное дело на водителя автобуса, попавшего в ДТП]]></title>
  <text verify="true" type="str" auto="true"><![CDATA[В Италии прокуратура завела дело об убийства в отношении водителя автобуса, который вчера, 22 мая, перевернулся на трассе по пути из Флоренции в Сиену.
По версии следователей, 35-летний мужчина виновен в гибели одной россиянки и ранениях почти 40 человек.
Известно, что за руль сел не опытный шофер, а владелец частной компании по прокату пассажирского транспорта. Он подменял своего подчиненного, передает телеканал "Россия 24".]]></text>
</doc>
