<?xml version='1.0' encoding='UTF-8'?>
<doc>
  <source><![CDATA[https://www.vesti.ru/doc.html?id=3150358&cid=8]]></source>
  <category verify="true" type="list" auto="true">
    <item type="str"><![CDATA[Новости]]></item>
    <item type="str"><![CDATA[Происшествия]]></item>
    <item type="str"><![CDATA[Все видео этой рубрики]]></item>
  </category>
  <title verify="true" type="str" auto="true"><![CDATA[Не вполне здоров монах простил порезавшего его игумена, а патриарх лишил его сана]]></title>
  <text verify="true" type="str" auto="true"><![CDATA[Получивший ножевое ранение в келье Троице-Сергиевой лавры иеродьякон Поликарп (в миру Николай Сидоров) простил своего обидчика — игумена Севастиана (Николая Запольнова), которого сейчас допрашивают полицейские. В четверг патриарх Московский и всея Руси Кирилл лишил его сана священника, сообщила в четверг пресс-служба Лавры. 
  "Недоразумение было все. Никаких претензий к нему не имею. В Русской церкви очень много искушений", — заявил сразу после операции монах, получивший несколько ножевых ранений.
Причиной произошедшего 22 мая инцидента первоначально назывался конфликт из-за пожертвований мирян, однако пресс-секретарь патриарха священник Александр Волков опроверг эту версию. По его данным, игумен Севастиан "не вполне здоров" и был в тот момент сильно пьян.
"Святейший патриарх утвердил решение духовного собора Троице-Сергиевой лавры о лишении игумена Севастиана права ношения монашеских одежд и лишении священного сана", — говорится в сообщении.
В настоящее время 62-летний игумен дает показания, в его отношении завели уголовное дело по статье "Умышленное причинение тяжкого вреда здоровью".]]></text>
</doc>
