<?xml version='1.0' encoding='UTF-8'?>
<doc>
  <source><![CDATA[https://www.vesti.ru/doc.html?id=3150304&cid=8]]></source>
  <category verify="true" type="list" auto="true">
    <item type="str"><![CDATA[Новости]]></item>
    <item type="str"><![CDATA[Происшествия]]></item>
    <item type="str"><![CDATA[Все видео этой рубрики]]></item>
  </category>
  <title verify="true" type="str" auto="true"><![CDATA[Подмосковный пожарный перекрыл шоссе ради утки с утятами]]></title>
  <text verify="true" type="str" auto="true"><![CDATA[Сотрудник МЧС бросил служебную машину посреди подмосковной трассы и частично перекрыл движение ради того, чтобы перевести утку с птенцами через дорогу. Герой попал в объектив камеры регистратора.
  Штурмовать шоссе Энтузиастов пернатое семейство отправилось днем 21 мая на выезде из Москвы. С риском для жизни им удалось преодолеть две полосы, но тут на их счастье посреди дороги остановилась пожарная машина. Водитель включил сирену и проблесковые маячки, а сам отправился спасать птиц.
Мужчина довел уток до отбойника, после чего подал сигнал водителям остановиться и сопроводил троих птенцов и их маму до обочины.]]></text>
</doc>
