<?xml version='1.0' encoding='UTF-8'?>
<doc>
  <source><![CDATA[https://www.vesti.ru/doc.html?id=3149695&cid=460]]></source>
  <category verify="true" type="list" auto="true">
    <item type="str"><![CDATA[Новости]]></item>
    <item type="str"><![CDATA[Культура]]></item>
    <item type="str"><![CDATA[Все видео этой рубрики]]></item>
  </category>
  <title verify="true" type="str" auto="true"><![CDATA[Лауреатом Букеровской премии 2019 года стала писатель из Омана]]></title>
  <text verify="true" type="str" auto="true"><![CDATA[Писатель и преподаватель из Омана Джоха Альхартхи удостоена Международной Букеровской премии 2019 года. Ее книга "Небесные тела", повествующая о трех поколениях оманской семьи, была выбрана членами жюри премии из короткого списка претендентов.
Помимо престижной награды, Джоха Альхартхи стала обладательницей денежного приза в размере 50 тысяч фунтов стерлингов (около 64 тысяч долларов), передает ТАСС.
Международная Букеровская премия была учреждена в 2004 году и до 2016 года вручалась один раз в два года, после чего ее стали присваивать ежегодно. Лауреатом может стать автор любой книги, переведенной на английский язык и опубликованной в Соединенном Королевстве или Ирландии.]]></text>
</doc>
