<?xml version='1.0' encoding='UTF-8'?>
<doc>
  <source><![CDATA[https://www.vesti.ru/doc.html?id=3149715&cid=9]]></source>
  <category verify="true" type="list" auto="true">
    <item type="str"><![CDATA[Новости]]></item>
    <item type="str"><![CDATA[В мире]]></item>
    <item type="str"><![CDATA[Все видео этой рубрики]]></item>
  </category>
  <title verify="true" type="str" auto="true"><![CDATA[Глава Пентагона мы не собираемся воевать с Ираном]]></title>
  <text verify="true" type="str" auto="true"><![CDATA[США не собираются воевать с Ираном. Об этом заявил исполняющий обязанности главы Пентагона Патрик Шэнахан после закрытых брифингов в американском конгрессе. Обсуждали возможные угрозы со стороны Тегерана и сдерживание иранских сил, сообщает телеканал "Россия 24". Как отметил Шэнахан, Вашингтон будет защищать свои интересы на Ближнем Востоке.
"Нашей главной задачей на данный момент является предотвращение просчетов со стороны Ирана, мы не хотим эскалации. Речь идет о сдерживании, а не о войне. Мы не собираемся идти на войну. Речь идет о том, чтобы продолжать защищать наши интересы на Ближнем Востоке и выполнять миссии, которые мы должны там выполнить", — заявил исполняющий обязанности министра обороны США Патрик Шанахан. Ранее Дональд Трамп выразил уверенность, что Иран под таким сильным давлением со стороны США вскоре захочет начать переговоры.
В Тегеране ответили, что, несмотря на поддержку общей идеи переговоров и дипломатии, в нынешних условиях прибегать к ним будет неправильно. Более того, как заявил президент Ирана Хасан Роухани, несмотря на санкции Белого дома, Тегеран готов запустить ряд новых проектов.
"Наши действия – не что иное, как решительный ответ тем, кто считает, что может заставить иранскую нацию склониться под давлением. Иранская нация никогда не склонит головы, которую всегда держит высоко. Мы решительно отвечаем Белому дому на его попытки сломить нас, запустив ряд проектов перед лицом трудностей, с которыми мы сталкиваемся, несмотря на режим санкций", — ответил Хасан Роухани, президент Ирана.]]></text>
</doc>
