<?xml version='1.0' encoding='UTF-8'?>
<doc>
  <source><![CDATA[https://www.vesti.ru/doc.html?id=3149690&cid=680]]></source>
  <category verify="true" type="list" auto="true">
    <item type="str"><![CDATA[Новости]]></item>
    <item type="str"><![CDATA[Спорт]]></item>
    <item type="str"><![CDATA[Все видео этой рубрики]]></item>
  </category>
  <title verify="true" type="str" auto="true"><![CDATA[Абрамович потратил 102 миллиона евро на уволенных тренеров Челси]]></title>
  <text verify="true" type="str" auto="true"><![CDATA[Владелец футбольного клуба "Челси" Роман Абрамович за время правления лондонцами восемь раз досрочно расторгал контракты с главными тренерами команды. В общей сложности он выплатил специалистам неустойки на сумму в 102 миллиона евро.
Это стало известно после того, как итальянский наставник Антонио Конте выиграл суд у "Челси" о досрочном расторжении контракта на сумму 10 миллионов евро, сообщает ТАСС со ссылкой на Times. 49-летний итальянец настаивал, что "синие" расстались с ним слишком поздно и впоследствии ему не удалось оперативно найти новую работу.
До Конте солидные компенсации за досрочные расторжения контрактов также получали Жозе Моуриньо (34 миллиона евро), Луис Фелипе Сколари (14 миллионов), Андре Виллаш-Боаш (13 миллионов), Роберто Ди Маттео (12 миллионов), Карло Анчелотти (7 миллионов), Авраам Грант (6 миллионов) и Клаудио Раньери (6 миллионов).]]></text>
</doc>
