<?xml version='1.0' encoding='UTF-8'?>
<doc>
  <source><![CDATA[https://www.vesti.ru/doc.html?id=3149840&cid=8]]></source>
  <category verify="true" type="list" auto="true">
    <item type="str"><![CDATA[Новости]]></item>
    <item type="str"><![CDATA[Происшествия]]></item>
    <item type="str"><![CDATA[Все видео этой рубрики]]></item>
  </category>
  <title verify="true" type="str" auto="true"><![CDATA[В Италии перевернулся автобус с российскими туристами]]></title>
  <text verify="true" type="str" auto="true"><![CDATA[Туристический автобус попал в ДТП в районе итальянского города Сиена во Флоренции. Среди пострадавших могут быть российские туристы, сообщает ТАСС.
  На месте происшествия работают полицейские и спасатели. В автобусе было не менее 50 туристов. Один человек погиб, несколько пассажиров автобуса получили ранения, добавляет Corriere Fiorentino.
Автобус съехал в кювет из-за скользкого после ночного дождя асфальта. Часть пассажиров автобуса оказалась заблокирована в перевернувшемся на бок автобусе. В российском посольстве пока информацией о пострадавших или погибших россиянах не располагают. Авария туристического автобуса произошла у города Монтериджиони на трассе, соединяющей Сиену с Флоренцией.]]></text>
</doc>
