<?xml version='1.0' encoding='UTF-8'?>
<doc>
  <source><![CDATA[https://www.vesti.ru/doc.html?id=3150342&cid=7]]></source>
  <category verify="true" type="list" auto="true">
    <item type="str"><![CDATA[Новости]]></item>
    <item type="str"><![CDATA[Общество]]></item>
    <item type="str"><![CDATA[Все видео этой рубрики]]></item>
  </category>
  <title verify="true" type="str" auto="true"><![CDATA[Изучением экосистемы Большого Тютерса займется группа специалистов]]></title>
  <text verify="true" type="str" auto="true"><![CDATA[Остров Большой Тютерс, расположенный в Финском заливе Балтийского моря, может стать уникальным природным заповедником. Для детального изучения его экосистемы туда направилась большая экспедиция. Об этом сообщает ГТРК "Санкт-Петербург".
Как известно, во время Великой Отечественной войны здесь находились зенитные батареи немцев. За Большим Тюрерсом даже закрепилось название "остров смерти", так как на нем находились многочисленные минные поля, оставленные фашистами. В послевоенное время поисковики проводили исследование острова, саперами было обнаружено и разминировано более тридцати тысяч объектов.
В последующие годы исследователи тоже приезжали на остров. Экологи и геодезисты занимались его очисткой и описанием природного и животного мира. Одной из главных задач нынешней экспедиции станет создание цифровой модели Большого Тютерса. Практически необитаемый (здесь живут только смотрители маяка) остров, входящий сейчас в состав Кингисеппского района Ленинградской области, представляет огромный интерес для специалистов. Его уникальную экосистему необходимо сохранить — такого единодушное мнение экспертов.
Текст: ГТРК "Санкт-Петербург"]]></text>
</doc>
