<?xml version='1.0' encoding='UTF-8'?>
<doc>
  <source><![CDATA[https://www.vesti.ru/doc.html?id=3149857&cid=7]]></source>
  <category verify="true" type="list" auto="true">
    <item type="str"><![CDATA[Новости]]></item>
    <item type="str"><![CDATA[Общество]]></item>
    <item type="str"><![CDATA[Все видео этой рубрики]]></item>
  </category>
  <title verify="true" type="str" auto="true"><![CDATA[Посольство в Италии в ДТП с автобусом погиб 1 и пострадали 10 россиян]]></title>
  <text verify="true" type="str" auto="true"><![CDATA[В автобусе, попавшем в ДТП в районе итальянского города Сиена, находились порядка 60 туристов, предположительно россиян, передает ТАСС.
Как сообщили в среду в посольстве России в Италии, поступило сообщение о произошедшем ДТП от Департамента гражданской защиты Италии. В диппредставительстве подтвердили гибель одного человека, десять пассажиров пострадали.
  Сотрудники посольства проверяют имеющиеся данные. Дипломаты выехали на место происшествия, они должны лично пообщаться с пострадавшими и проверить всю информацию.
Ранее сообщилось, что ДТП произошло в 9:30 (10:30 по Москве) на трассе, соединяющей Сиену с Флоренцией в районе города Монтериджиони. По словам свидетелей, люди были заблокированы в перевернувшемся автобусе. В настоящее время на месте работают спасатели.]]></text>
</doc>
