<?xml version='1.0' encoding='UTF-8'?>
<doc>
  <source><![CDATA[https://www.vesti.ru/doc.html?id=3148355&cid=8]]></source>
  <category verify="true" type="list" auto="true">
    <item type="str"><![CDATA[Новости]]></item>
    <item type="str"><![CDATA[Происшествия]]></item>
    <item type="str"><![CDATA[Все видео этой рубрики]]></item>
  </category>
  <title verify="true" type="str" auto="true"><![CDATA[Фениксы спасли жильцов горевшей столичной 12-этажки]]></title>
  <text verify="true" type="str" auto="true"><![CDATA[Пожарные ликвидировали пожар, возникший в 12-этажном жилом доме на улице Немчинова на севере Москвы.
Как передает ТАСС, об этом общественность проинформировали в столичном главке МЧС.
Отмечается, что к моменту приезду пожарных квартира была охвачена ярким пламенем, а люди не могли выйти из дома из-за сильного дыма и звали на помощь. Их из горящего здания выводили с помощью самоспасателей "Феникс", защищающих органы дыхания. Всего из задымленного подъезда было эвакуировано 15 жильцов, одному из них понадобилась медицинская помощь.
Площадь пожара в квартире составила 20 квадратных метров. Горели личные вещи и мебель.]]></text>
</doc>
