<?xml version='1.0' encoding='UTF-8'?>
<doc>
  <source><![CDATA[https://www.vesti.ru/doc.html?id=3150803&cid=680]]></source>
  <category verify="true" type="list" auto="true">
    <item type="str"><![CDATA[Новости]]></item>
    <item type="str"><![CDATA[Спорт]]></item>
    <item type="str"><![CDATA[Все видео этой рубрики]]></item>
  </category>
  <title verify="true" type="str" auto="true"><![CDATA[Годы пошли насмарку. Дзюба раскритиковал финал Игры престолов]]></title>
  <text verify="true" type="str" auto="true"><![CDATA[Нападающий сборной России и петербургского "Зенита" Артем Дзюба раскритиковал финальный, восьмой сезон культового сериала современности от телеканала HBO "Игра престолов".
"Финал "Игры престолов"? Безобразие! Катастрофа! Ужас! Считаю, что это провал! Все эти годы пошли насмарку, – приводит слова Дзюбы "Радио Зенит" в социальной сети Twitter. – Я не поклонник сериала, но все видел. Считаю, что нужно переснимать".
Артем Дзюба: "Финал "Игры престолов"? — Безобразие! Катастрофа! Ужас! Считаю, что это провал! Все эти годы пошли насмарку. Я не поклонник сериала, но все видел. Считаю, что нужно переснимать" #дзюба #РадиоЗенит
— Радио Зенит (@radiozenit) 24 мая 2019 г.
Напомним, фанаты недовольные финалом "Игры престолов" создали петицию с требованием переснять заключительный сезон. Петицию уже подписали порядка 1,5 миллиона человек.]]></text>
</doc>
