<?xml version='1.0' encoding='UTF-8'?>
<doc>
  <source><![CDATA[https://www.vesti.ru/doc.html?id=3148038]]></source>
  <category verify="true" type="list" auto="true">
    <item type="str"><![CDATA[Новости]]></item>
  </category>
  <title verify="true" type="str" auto="true"><![CDATA[Оркестр Когана исполнит произведения Брукнера и Малера]]></title>
  <text verify="true" type="str" auto="true"><![CDATA[5 июня Московский государственный академический симфонический оркестр под управлением Павла Когана посвятит музыке двух титанов западного симфонизма конца XIX века – австрийцев Антона Брукнера и Густава Малера. Партитуры их симфонических опусов грандиозны во всех отношениях: льющиеся потоком темы, бьющие через край эмоции, виртуозное оркестровое письмо. В музыке композиторов слышны первые отголоски той бури, которая захлестнет весь XX век.
Свой великий Te Deum, написанный на закате творческого пути, Антон Брукнер называл "гордостью всей жизни". Это монументальное пятичастное полотно для хора, солистов, оркестра и органа было создано на текст древнехристианского гимна "Тебя, Бога, Хвалим". Безусловно, на выбор первоисточника повлияли личные симпатии композитора, о глубокой религиозности которого даже сохранилось одно примечательное воспоминание: когда Брукнера спросили, как он будет приветствовать своего возлюбленного Бога на небесах, он скромно ответил: "Я покажу ему партитуру Te Deum, и он будет судить меня милосердно". Это может звучать смело, но, услышав музыку композитора, невозможно с ним не согласиться.
В исполнении Te Deum примут участие хор Академии хорового искусства имени В. С. Попова и солисты: сопрано Зарина Абаева, утонченное меццо-сопрано Наталия Ляскова, ведущий немецкий тенор Маркус Франке и бас Игорь Коростылев.
Духовным преемником Брукнера называл себя его современник Густав Малер. В заключение концерта прозвучит его Шестая "Трагическая" симфония. Малер полагал, что "симфония должна вмещать в себя все", и вкладывал в произведения всего себя без остатка. В этом смысле Шестая симфония – одно из самых личных произведений композитора. Даже без программного заголовка интуитивно вычитывается содержание этой потрясающей драмы в звуках: история титанической борьбы малеровского Героя за счастье всего человечества.
Концерт состоится 5 июня в 19:00 в Большом зале Консерватории имени Чайковского.]]></text>
</doc>
