<?xml version='1.0' encoding='UTF-8'?>
<doc>
  <source><![CDATA[https://www.vesti.ru/doc.html?id=3150353&cid=680]]></source>
  <category verify="true" type="list" auto="true">
    <item type="str"><![CDATA[Новости]]></item>
    <item type="str"><![CDATA[Спорт]]></item>
    <item type="str"><![CDATA[Все видео этой рубрики]]></item>
  </category>
  <title verify="true" type="str" auto="true"><![CDATA[Барселона в контракте новичка клуба прописала сумму отступных в размере 100 млн евро]]></title>
  <text verify="true" type="str" auto="true"><![CDATA[Полузащитник голландского "Гронингена" Людвиг Рейс продолжит карьеру в испанской "Барселоне". "Сине-гранатовые" прописали в соглашении 18-летнего хавбека сумму отступных в размере 100 миллионов евро.
Голландец, которому 1 июня исполнится 19 лет, подписал контракт с каталонцами, рассчитанный на три года с опцией продления еще на два года. Как сообщает пресс-служба "Барселоны", за переход футболиста "сине-гранатовые" заплатили 3,25 млн евро.
🔵🔴📝 LATEST NEWS: Dutch midfielder Ludovit Reis joins Barça from FC Groningen, where he played 50 official games, signing a deal for the next three seasons

👏 Welcome, Ludovit!

👉 https://t.co/KSjj09muQI #ForçaBarça pic.twitter.com/tpX3c4Tw2u
— FC Barcelona B (@FCBarcelonaB) 23 мая 2019 г.
Рейс в текущем сезоне в составе "Гронингена" принял участие в 33 играх во всех турнира, забил один мяч и отдал одну результативную передачу.]]></text>
</doc>
