<?xml version='1.0' encoding='UTF-8'?>
<doc>
  <source><![CDATA[https://www.vesti.ru/doc.html?id=3150227&cid=8]]></source>
  <category verify="true" type="list" auto="true">
    <item type="str"><![CDATA[Новости]]></item>
    <item type="str"><![CDATA[Происшествия]]></item>
    <item type="str"><![CDATA[Все видео этой рубрики]]></item>
  </category>
  <title verify="true" type="str" auto="true"><![CDATA[Водитель, устроивший ДТП в Тоскане, арестован]]></title>
  <text verify="true" type="str" auto="true"><![CDATA[Водитель туристического автобуса, который попал в ДТП в итальянской провинции Тоскана, арестован.
Как рассказали РИА Новости в прокуратуре города Сиена, 35-летний мужчина обвиняется в причинении гибели в результате дорожного инцидента. Тест на алкоголь показал отрицательный результат. По основной версии следствия, он отвлекся от дороги, чтобы уменьшить звук радио. Кроме того, погодные условия были плохими: шел дождь, дорога была мокрая.

Авария произошла утром 22 мая в районе городов Монтериджони и Бадессе на магистрали Сиена — Флоренция. Автобус въехал со скоростной трассы в кювет и перевернулся на правый бок.
В автобусе находились 55 пассажиров — граждане России, Белоруссии, Украины, Армении и других стран. В результате ДТП погибла россиянка, работавшая экскурсоводом при группе. Пострадали 37 человек.
Сейчас в больницах Сиены остаются пять российских граждан. Их состояние оценивается как среднее и тяжелое. Дипломаты оказывают им все необходимое содействие.]]></text>
</doc>
