<?xml version='1.0' encoding='UTF-8'?>
<doc>
  <source><![CDATA[https://www.vesti.ru/doc.html?id=3150300&cid=7]]></source>
  <category verify="true" type="list" auto="true">
    <item type="str"><![CDATA[Новости]]></item>
    <item type="str"><![CDATA[Общество]]></item>
    <item type="str"><![CDATA[Все видео этой рубрики]]></item>
  </category>
  <title verify="true" type="str" auto="true"><![CDATA[Без комиссии и аттестации. Росгвардейцы смогут свободно поступать на военную службу]]></title>
  <text verify="true" type="str" auto="true"><![CDATA[Сотрудники Росгвардии смогут поступить на военную службу без медицинской комиссии, проверки образования, квалификации и физподготовки. Соответствующий закон, предложенный Владимиром Путиным, приняла на пленарном заседании Государственная дума РФ.
Новые правила позволят сэкономить время и деньги, и упростить росгвардейцам прохождение службы по контракту в войсках. При этом звание и выслуга лет при переходе из одного ведомства в другое сохраняются, заявил агентству РИА Новости глава комитета Госдумы по противодействию коррупции Василий Пискарев.
Также депутат пояснил, что новый закон позволит сохранить опытных, ценных специалистов в Росгвардии и поможет укрепить безопасность, защитить права граждан.]]></text>
</doc>
