<?xml version='1.0' encoding='UTF-8'?>
<doc>
  <source><![CDATA[https://www.vesti.ru/doc.html?id=3147983&cid=9]]></source>
  <category verify="true" type="list" auto="true">
    <item type="str"><![CDATA[Новости]]></item>
    <item type="str"><![CDATA[В мире]]></item>
    <item type="str"><![CDATA[Все видео этой рубрики]]></item>
  </category>
  <title verify="true" type="str" auto="true"><![CDATA[Генпрокурор Украины у Киева нет вопросов к Джо Байдену и его сыну]]></title>
  <text verify="true" type="str" auto="true"><![CDATA[У Киева нет вопросов к бывшему вице-президенту США и его сыну. С таким заявлением выступил генпрокурор Украины Юрий Луценко. Речь идет о Джо и Хантере Байденах, уточняет телеканал "Россия 24".
Пять лет назад Байден-младший вошел в состав правления газодобывающей компании, которая работала на Украине. В 2016 году прокуратура Украины пыталась инициировать дело против этой фирмы и даже объявила в розыск ее руководителя. Американский политик тогда требовал отправить в отставку генпрокурора Виктора Шокина.
В тот же период информация о розыске и расследовании исчезла. И вот теперь, когда Байден-старший объявил, что вновь собирается в президенты, новый генпрокурор Украины поспешил заявить, его сын украинских законов не нарушал.]]></text>
</doc>
