<?xml version='1.0' encoding='UTF-8'?>
<doc>
  <source><![CDATA[https://www.vesti.ru/doc.html?id=3147967&cid=8]]></source>
  <category verify="true" type="list" auto="true">
    <item type="str"><![CDATA[Новости]]></item>
    <item type="str"><![CDATA[Происшествия]]></item>
    <item type="str"><![CDATA[Все видео этой рубрики]]></item>
  </category>
  <title verify="true" type="str" auto="true"><![CDATA[В Калифорнии рухнул истребитель F-16]]></title>
  <text verify="true" type="str" auto="true"><![CDATA[В Калифорнии неподалеку от базы ВВС потерпел крушение военный самолет F-16. О происшествии сообщает местное отделение телеканала ABC.
Представители офиса шерифа округа Риверсайд подтвердили падение самолета, добавив, что машина упала на нежилое здание и пробила крышу
Пилот успел катапультироваться. Он приземлился на взлетно-посадочную полосу, его доставили в больницу.
Сообщается, что на борту истребителя были боеприпасы. В настоящее время правоохранители выясняют подробности ЧП, передает РИА Новости.]]></text>
</doc>
