<?xml version='1.0' encoding='UTF-8'?>
<doc>
  <source><![CDATA[https://www.vesti.ru/doc.html?id=3150315&cid=8]]></source>
  <category verify="true" type="list" auto="true">
    <item type="str"><![CDATA[Новости]]></item>
    <item type="str"><![CDATA[Происшествия]]></item>
    <item type="str"><![CDATA[Все видео этой рубрики]]></item>
  </category>
  <title verify="true" type="str" auto="true"><![CDATA[Момент смертельной аварии под Псковом попал на видео]]></title>
  <text verify="true" type="str" auto="true"><![CDATA[Вчера в Пустошкинском районе автомобиль Land Rover Freelander вылетел на встречку и врезался в эвакуатор, перевозящий легковую машину. Погибли оба водителя.
  Инцидент произошел 22 мая на 441 километре трассы Р-23. За рулем эвакуатора, двигавшегося в сторону Санкт-Петербурга, находился 22-летний мужчина, житель северной столицы России.
Личность предполагаемого виновника аварии пока не установлена. Его автомобиль передвигался с белорусскими номерами.]]></text>
</doc>
