<?xml version='1.0' encoding='UTF-8'?>
<doc>
  <source><![CDATA[https://www.vesti.ru/doc.html?id=3150083&cid=7]]></source>
  <category verify="true" type="list" auto="true">
    <item type="str"><![CDATA[Новости]]></item>
    <item type="str"><![CDATA[Общество]]></item>
    <item type="str"><![CDATA[Все видео этой рубрики]]></item>
  </category>
  <title verify="true" type="str" auto="true"><![CDATA[Военный корреспондент ВГТРК Антон Степаненко получил награду Минобороны]]></title>
  <text verify="true" type="str" auto="true"><![CDATA[Министерство обороны России во время финальной церемонии Всероссийского фестиваля прессы "Медиа-АС-2019" вручило восьми журналистам ведомственной медали "Участнику военной операции в Сирии". Один из тех, кого наградил сегодня Сергей Шойгу - военный корреспондент ВГТРК Антон Степаненко. Он получил медаль как отличившийся при выполнении профессионального долга в Сирии, передает телеканал "Россия 24".
"Во многом благодаря вашему профессионализму армия России пользуется все большей поддержкой наших граждан", — заявил министр обороны, вручая медали.
Также награды получили журналисты "Первого канала", "НТВ", газеты "Известия", английской редакции телеканала RT, оператор телеканала "ТВЦ", а также представители информационных агентств ТАСС и РИА Новости.]]></text>
</doc>
