<?xml version='1.0' encoding='UTF-8'?>
<doc>
  <source><![CDATA[https://www.vesti.ru/doc.html?id=3150128&cid=5]]></source>
  <category verify="true" type="list" auto="true">
    <item type="str"><![CDATA[Новости]]></item>
    <item type="str"><![CDATA[Политика]]></item>
    <item type="str"><![CDATA[Все видео этой рубрики]]></item>
  </category>
  <title verify="true" type="str" auto="true"><![CDATA[Нидерланды готовы к выходу из Европейского союза]]></title>
  <text verify="true" type="str" auto="true"><![CDATA[Нидерланды готовы выйти из Евросоюза. Такое заявление в эксклюзивном интервью телеканалу "Россия 24" сделал лидер "Партии свободы" Голландии Герт Вилдерс.
По его мнению, дальнейшее пребывание в Европейском союзе полностью лишает государство суверенитета.
На парламентских выборах в 2017 году партия Вилдерса заняла второе место, получив больше 13 процентов голосов избирателей.]]></text>
</doc>
