<?xml version='1.0' encoding='UTF-8'?>
<doc>
  <source><![CDATA[https://www.vesti.ru/doc.html?id=3149676&cid=8]]></source>
  <category verify="true" type="list" auto="true">
    <item type="str"><![CDATA[Новости]]></item>
    <item type="str"><![CDATA[Происшествия]]></item>
    <item type="str"><![CDATA[Все видео этой рубрики]]></item>
  </category>
  <title verify="true" type="str" auto="true"><![CDATA[Мужчина, забравшийся на Эйфелеву башню, направлен в психиатрическую лечебницу]]></title>
  <text verify="true" type="str" auto="true"><![CDATA[Правоохранительные органы Франции поместили мужчину, который угрожал броситься вниз с Эйфелевой башни, в психиатрическую лечебницу при префектуре полиции Парижа.
Как передает ТАСС, об этом общественность проинформировал телеканал BFM, по данным которого задержанный страдает суицидальными
наклонностями.
Инцидент в центре французской столицы произошел днем 20 мая, когда одетый в черное мужчина со второго этажа Эйфелевой башни безо всякого альпинистского снаряжения начал карабкаться на ее вершину.
После этого он несколько часов находился на высоте около 300 метров, непосредственно под верхней смотровой площадкой. Спасатели и полицейские вели с ним длительные переговоры, которые закончились тем, что с наступлением темноты мужчина сдался.
В его отношении было открыто расследование по факту незаконного проникновения на территорию культурного объекта.
Местные СМИ сообщают, что мужчина является русским, который ранее обращался к властям Франции за предоставлением политического убежища. В российском посольстве рассказали, что пока к ним никто не обращался по поводу этого инцидента.]]></text>
</doc>
