<?xml version='1.0' encoding='UTF-8'?>
<doc>
  <source><![CDATA[https://www.vesti.ru/doc.html?id=3150437&cid=680]]></source>
  <category verify="true" type="list" auto="true">
    <item type="str"><![CDATA[Новости]]></item>
    <item type="str"><![CDATA[Спорт]]></item>
    <item type="str"><![CDATA[Все видео этой рубрики]]></item>
  </category>
  <title verify="true" type="str" auto="true"><![CDATA[Блинкова обыграла Калинину и вышла в финал квалификации Roland Garros]]></title>
  <text verify="true" type="str" auto="true"><![CDATA[Российская теннисистка, 120-я ракетка мира Анна Блинкова в полуфинале квалификации Открытого чемпионата Франции в трех сетах за один час 57 минут обыграла представительницу Украины Ангелину Калинину со счетом 3:6, 6:3, 6:2.
Россиянка трижды подала навылет, допустила три двойные ошибки и реализовала восемь брейк-пойнтов из 17, а у украинки, занимающей 152-е место в рейтинге WTA, один эйс, пять двойных ошибок и шесть реализованных брейков из 11.
Таким образом, Блинкова вышла в финал квалификации, где в борьбе за путевку в основную сетку турнира сыграет теннисисткой из Израиля Юлией Глушко (139), обыгравшей во втором круге квалификации американку Робин Андерсон (177) – 6:3, 6:3.]]></text>
</doc>
