<?xml version='1.0' encoding='UTF-8'?>
<doc>
  <source><![CDATA[https://www.vesti.ru/doc.html?id=3149688&cid=680]]></source>
  <category verify="true" type="list" auto="true">
    <item type="str"><![CDATA[Новости]]></item>
    <item type="str"><![CDATA[Спорт]]></item>
    <item type="str"><![CDATA[Все видео этой рубрики]]></item>
  </category>
  <title verify="true" type="str" auto="true"><![CDATA[Ювентус договорился с Милинковичем-Савичем о трансфере]]></title>
  <text verify="true" type="str" auto="true"><![CDATA[Представители туринского "Ювентуса" достигли предварительной договоренности о соглашении с полузащитником римского "Лацио" Сергеем Милинковчием-Савичем. Футболист сборной Сербии дал устное согласие на переход в "Юве".
Теперь для окончательного оформления сделки боссам "Старой синьоры" необходимо договориться с руководителями "лациале", сообщает "Советский спорт" со ссылкой на Sky Sport Italia. В "Ювентусе" очень рассчитывают, что трансфер серба обойдется им меньше 100 миллионов евро – год назад президент римлян Клаудио Лотито требовал за Милинковича-Савича именно эту сумму.
Однако серб в минувшем сезоне не блистал в составе "Лацио" и именно поэтому туринцы рассчитывают на меньший ценник. За 31 игру чемпионата Италии он стал автором пяти забитых мячей и трех результативных передач.]]></text>
</doc>
