<?xml version='1.0' encoding='UTF-8'?>
<doc>
  <source><![CDATA[https://www.vesti.ru/doc.html?id=3149716&cid=9]]></source>
  <category verify="true" type="list" auto="true">
    <item type="str"><![CDATA[Новости]]></item>
    <item type="str"><![CDATA[В мире]]></item>
    <item type="str"><![CDATA[Все видео этой рубрики]]></item>
  </category>
  <title verify="true" type="str" auto="true"><![CDATA[С-400 или Пэтриот США продолжают шантажировать Турцию]]></title>
  <text verify="true" type="str" auto="true"><![CDATA[США грозят Турции "жёсткими последствиями", если Анкара не откажется от покупки комплексов С-400. Об этом со ссылкой на источники сообщает SNBC. По данным телеканала, на решение отводят две недели. В течение этого времени Анкара должна отменить сделку с Москвой и закупить американские системы ПВО "Патриот".
В противном случае, её исключат из программы истребителя-бомбардировщика F-35, отмечает телеканал "Россия 24". Ранее об этих планах сообщала замминистра обороны США. Турция неоднократно подчёркивала, что от сделки с Россией отказываться не намерена. Первая партия зенитных комплексов должна поступить в июле.]]></text>
</doc>
