<?xml version='1.0' encoding='UTF-8'?>
<doc>
  <source><![CDATA[https://www.vesti.ru/doc.html?id=3150149&cid=5]]></source>
  <category verify="true" type="list" auto="true">
    <item type="str"><![CDATA[Новости]]></item>
    <item type="str"><![CDATA[Политика]]></item>
    <item type="str"><![CDATA[Все видео этой рубрики]]></item>
  </category>
  <title verify="true" type="str" auto="true"><![CDATA[Указ Зеленского о роспуске Рады вступил в силу]]></title>
  <text verify="true" type="str" auto="true"><![CDATA[Указ президента Украины Владимира Зеленского о роспуске Верховной рады VIII созыва вступил в силу. Он был опубликован в правительственной газете.
Как сообщает РИА Новости, тем же указом внеочередные выборы в парламент были назначены на 21 июля. Также украинский лидер поручил правительству обеспечить финансирование выборов.

Зеленский заявил о роспуске Рады во время своей инаугурационной речи 20 мая. Позже он созвал парламент, чтобы внести изменения в закон о выборах депутатов. Документ предполагает переход к пропорциональной системе с голосованием по партийным спискам, а также снижение проходного барьера до 3 процентов (сейчас он составляет 5 процентов). Однако Рада отказалась рассматривать этот законопроект. На своей странице в Facebook Зеленский так прокомментировал эту ситуацию:
"Они хотят за деньги и гречку снова пролезть в Верховную раду. Но я убежден, что они ошибаются".]]></text>
</doc>
