<?xml version='1.0' encoding='UTF-8'?>
<doc>
  <source><![CDATA[https://www.vesti.ru/doc.html?id=3150092&cid=8]]></source>
  <category verify="true" type="list" auto="true">
    <item type="str"><![CDATA[Новости]]></item>
    <item type="str"><![CDATA[Происшествия]]></item>
    <item type="str"><![CDATA[Все видео этой рубрики]]></item>
  </category>
  <title verify="true" type="str" auto="true"><![CDATA[Онкобольная погибла из-за поломки аппарата лучевой терапии]]></title>
  <text verify="true" type="str" auto="true"><![CDATA[В воронежском онкодиспансере аппарат лучевой терапии во время проведения процедуры вышел из строя, вследствие чего раздавил пациентку.
Несчастный случай произошел 22 мая утром. В ходе проведения процедуры у аппарата лучевой терапии 2006 года выпуска чешского производства заклинил подъемный механизм. Из-за технических неполадок прибор раздавил женщину, передает "Интерфакс".
Специалисты Росздравнадзора по поручению министра здравоохранения Российской Федерации Вероники Скворцовой направлены в Воронеж, чтобы выяснить причины гибели пациентки. Они проведут экспертизу оборудования непосредственно на месте происшествия. Об этом сообщается на официальном сайте Росздравнадзора.]]></text>
</doc>
