<?xml version='1.0' encoding='UTF-8'?>
<doc>
  <source><![CDATA[https://www.vesti.ru/doc.html?id=3150099&cid=8]]></source>
  <category verify="true" type="list" auto="true">
    <item type="str"><![CDATA[Новости]]></item>
    <item type="str"><![CDATA[Происшествия]]></item>
    <item type="str"><![CDATA[Все видео этой рубрики]]></item>
  </category>
  <title verify="true" type="str" auto="true"><![CDATA[Беспорядки в Джакарте 6 человек погибли, более 200 пострадали]]></title>
  <text verify="true" type="str" auto="true"><![CDATA[Шесть человек погибли и больше 200 пострадали во время беспорядков в столице Индонезии.
Люди вышли на улицы Джакарты, требуя признать недействительными итоги президентских выборов, передает телеканал "Россия 24". Выйти на улицы призвал оппозиционный политик, который проиграл гонку действующему главе государства. Он отказался признать поражение, а итоги голосования назвал фальсификацией.
Протесты продолжались весь день, несогласные атаковали полицию. Улицы города превратились в баррикады. Больше 250 человек задержаны по подозрению в провокациях. Чтобы не допустить нового кровопролития, правительство Индонезии временно ограничило доступ к фотографиям и видеороликам в социальных сетях и мессенджерах.]]></text>
</doc>
