<?xml version='1.0' encoding='UTF-8'?>
<doc>
  <source><![CDATA[https://www.vesti.ru/doc.html?id=3147982&cid=5]]></source>
  <category verify="true" type="list" auto="true">
    <item type="str"><![CDATA[Новости]]></item>
    <item type="str"><![CDATA[Политика]]></item>
    <item type="str"><![CDATA[Все видео этой рубрики]]></item>
  </category>
  <title verify="true" type="str" auto="true"><![CDATA[В Швейцарии считают, что лишение России права голоса в ПАСЕ было ошибкой]]></title>
  <text verify="true" type="str" auto="true"><![CDATA[Лишение России права голоса в ПАСЕ было ошибкой. Об этом на круглом столе в Коппе заявил председатель Комитета по международным делам Совета кантонов Швейцарии Филиппо Ломбарди.
Темой беседы стали кризис в отношениях Запада и России, а также меры, которые может предпринять Швейцария для разрешения ситуации, передает телеканал "Россия 24".
По словам Ломбарди, нужно найти решение, чтобы Россия оставалась членом Совета Европы и при этом соблюдались ее парламентские права. Эта тема будет обсуждаться в июне на сессии Парламентской ассамблеи. Также Ломбарди высказался против антиросийских санкций.]]></text>
</doc>
