<?xml version='1.0' encoding='UTF-8'?>
<doc>
  <source><![CDATA[https://www.vesti.ru/doc.html?id=3150235&cid=680]]></source>
  <category verify="true" type="list" auto="true">
    <item type="str"><![CDATA[Новости]]></item>
    <item type="str"><![CDATA[Спорт]]></item>
    <item type="str"><![CDATA[Все видео этой рубрики]]></item>
  </category>
  <title verify="true" type="str" auto="true"><![CDATA[Экс-защитник Челси Джон Терри может возглавить Мидлсбро]]></title>
  <text verify="true" type="str" auto="true"><![CDATA[Бывший защитник сборной Англии и лондонского "Челси", ныне ассистент главного тренера "Астон Виллы" Джон Терри может возглавить английский клуб "Мидлсбро", который выступает в чемпионшипе – втором по значимости дивизионе в системе футбольных лиг страны.
Руководство "Мидлсбро" заинтересовано в услугах 38-летнего специалиста. Как сообщает ТАСС со ссылкой talkSPORT, на пост главного тренера команды одной из старейших команд страны также рассматривают 50-летнего аргентинца Габриэля Батистуту.
Напомним, Терри защищал цвета "Челси" с 1998 по 2017 год. В составе "синих" Джон принял участие в 703 играх во всех турнирах, забил 65 мячей и отдал 29 результативных передач. Также на его счету 78 игр и шесть голов за сборную Англию.]]></text>
</doc>
