<?xml version='1.0' encoding='UTF-8'?>
<doc>
  <source><![CDATA[https://www.vesti.ru/doc.html?id=3150280&cid=9]]></source>
  <category verify="true" type="list" auto="true">
    <item type="str"><![CDATA[Новости]]></item>
    <item type="str"><![CDATA[В мире]]></item>
    <item type="str"><![CDATA[Все видео этой рубрики]]></item>
  </category>
  <title verify="true" type="str" auto="true"><![CDATA[Парламентская избирательная кампания на Украине начнется 24 мая]]></title>
  <text verify="true" type="str" auto="true"><![CDATA[Кампания по досрочным выборам в Верховную раду Украины начнется 24 мая, объявила глава украинского ЦИК Татьяна Слипачук.
Она подчеркнула, что Центризбирком обеспечит прозрачные и легитимные выборы, сообщает ТАСС.
Указ президента о роспуске Рады опубликован в официальной газете центральных органов власти Украины "Урядовом курьере" 23 мая.
О роспуске Верховной рады президент страны Владимир Зеленский заявил во время церемонии инаугурации 20 мая.]]></text>
</doc>
