<?xml version='1.0' encoding='UTF-8'?>
<doc>
  <source><![CDATA[https://www.vesti.ru/doc.html?id=3149854&cid=6]]></source>
  <category verify="true" type="list" auto="true">
    <item type="str"><![CDATA[Новости]]></item>
    <item type="str"><![CDATA[Экономика]]></item>
    <item type="str"><![CDATA[Все видео этой рубрики]]></item>
  </category>
  <title verify="true" type="str" auto="true"><![CDATA[Золотая лихорадка Daily Express приписала России мировую скупку главного драгметалла]]></title>
  <text verify="true" type="str" auto="true"><![CDATA[Издание Daily Express ошиблось с оценкой закупок золота Россией.
Таблоид сообщил, что в первом квартале 2019 года Москва увеличила свои золотые резервы на 145,5 тонны. Таким образом, объем увеличился на 68 процентов. На основании этих цифр эксперты сделали вывод, что "это плохой знак для всего мира".
При этом журналисты ссылались на данные Всемирного совета по золоту (World Gold Council). Однако, как сообщает РБК, эти цифры относятся не к одной только России, а ко всем мировым центробанкам.
При этом Москва все-таки остается крупнейшим покупателем золота. По данным ЦБ на 1 апреля, объем золотовалютных резервов России составлял 487,8 миллиарда долларов.]]></text>
</doc>
