<?xml version='1.0' encoding='UTF-8'?>
<doc>
  <source><![CDATA[https://www.vesti.ru/doc.html?id=3148066&cid=680]]></source>
  <category verify="true" type="list" auto="true">
    <item type="str"><![CDATA[Новости]]></item>
    <item type="str"><![CDATA[Спорт]]></item>
    <item type="str"><![CDATA[Все видео этой рубрики]]></item>
  </category>
  <title verify="true" type="str" auto="true"><![CDATA[Манчестер Сити поборется с Барселоной и ПСЖ за Гризманна]]></title>
  <text verify="true" type="str" auto="true"><![CDATA[Английский "Манчестер Сити" намерен вступить в борьбу за французского полузащитника Антуана Гризманна, который накануне объявил о своем уходе из мадридского "Атлетико". На игрока средней линии также претендуют "Барселона", "Пари Сен-Жермен" и "Бавария".
Основным кандидатом на 28-летнего француза является все же "Барса", в которой надеются, что Гризманн выберет спортивную, а не финансовую составляющую своей карьеры, сообщает Чемпионат.Com со ссылкой на Sport.es. Каталонцы готовы платить 17 миллионов евро в год, но улучшать своего предложения они не собираются в случае отказа игрока.
Напомним, что Гризманн объявил об уходе из "Атлетико" после пяти лет выступлений в мадридском клубе. В составе "матрасников" он выигрывал Лигу Европы, а также Суперкубки Испании и УЕФА.]]></text>
</doc>
