<?xml version='1.0' encoding='UTF-8'?>
<doc>
  <source><![CDATA[https://www.vesti.ru/doc.html?id=3149708&cid=8]]></source>
  <category verify="true" type="list" auto="true">
    <item type="str"><![CDATA[Новости]]></item>
    <item type="str"><![CDATA[Происшествия]]></item>
    <item type="str"><![CDATA[Все видео этой рубрики]]></item>
  </category>
  <title verify="true" type="str" auto="true"><![CDATA[В городе Кольчугино введен режим КТО]]></title>
  <text verify="true" type="str" auto="true"><![CDATA[Во Владимирской области сотрудники правоохранительных органов заблокировали в частном жилом доме готовивших террористический акт боевиков. Источник в силовых структурах рассказал, что на предложение сдаться боевики оказали вооруженное сопротивление, после чего начали приниматься меры по их нейтрализации.
Жильцы расположенных в непосредственной близости к месту проведения операции домов – около 15 человек — эвакуированы из соображений обеспечения их безопасности. Жилой дом, где заблокированы боевики, расположен на окраине города, в районе улицы Дзержинского и Коммунального проезда.
На территории города введен правовой режим контртеррористической операции. Других подробностей не сообщается, представитель Национального антитеррористического комитета (НАК) сообщил, что информация о ходе операции будет обнародована позднее, передает ТАСС.]]></text>
</doc>
