<?xml version='1.0' encoding='UTF-8'?>
<doc>
  <source><![CDATA[https://www.vesti.ru/doc.html?id=3150007&cid=9]]></source>
  <category verify="true" type="list" auto="true">
    <item type="str"><![CDATA[Новости]]></item>
    <item type="str"><![CDATA[В мире]]></item>
    <item type="str"><![CDATA[Все видео этой рубрики]]></item>
  </category>
  <title verify="true" type="str" auto="true"><![CDATA[Новая российско-индийская ракета BrahMos успешно прошла испытания]]></title>
  <text verify="true" type="str" auto="true"><![CDATA[Новую авиационную ракету BrahMos-A впервые применили против наземного объекта. Индийские военные проводили испытания в районе острова Кар-Никобар, где была расположена группа мишеней. Ракету запустили с многоцелевого истребителя Су-30МКИ, и она точно попала в цель, сообщает агентство ТАСС со ссылкой на директора по маркетингу компании BrahMos Aerospace Правина Патака.
Сейчас на вооружении Индийской армии стоит несколько модификаций ракеты BrahMos: корабельная, сухопутная, а теперь и авиационная. Кроме того, есть планы по созданию гиперзвукового варианта ракеты, способного развивать скорость более 5 Махов. Кроме того, в 2019 году компания презентовала прототип облегченной авиационной ракеты: ее смогут нести легкие истребители Tejas или МиГ-29.
По данным из открытых источников, BrahMos разгоняется до 2,8 Махов, то есть почти до трех скоростей звука. Дальность полета – около 300 километров.]]></text>
</doc>
