<?xml version='1.0' encoding='UTF-8'?>
<doc>
  <source><![CDATA[https://www.vesti.ru/doc.html?id=3150370&cid=680]]></source>
  <category verify="true" type="list" auto="true">
    <item type="str"><![CDATA[Новости]]></item>
    <item type="str"><![CDATA[Спорт]]></item>
    <item type="str"><![CDATA[Все видео этой рубрики]]></item>
  </category>
  <title verify="true" type="str" auto="true"><![CDATA[Испанский защитник Хуанфран летом покинет Атлетико]]></title>
  <text verify="true" type="str" auto="true"><![CDATA[Испанский правый защитник мадридского "Атлетико" Хуанфран Торрес летом покинет команду. Ранее стало известно, что клуб покинут капитан команды, уругвайский защитник Диего Годин и французский нападающий Антуан Гризманн.
Хуанфран является воспитанником другого мадридского клуба – "Реала". В 2006-м стал игроком "Осасуны", откуда зимой 2011 перебрался в "Атлетико" за 4,25 млн евро. Помимо, этого в 2005 году на правах аренды защищал цвета каталонского "Эспаньола".
🔴⚪🔴 #GraciasJuanfran
¡Ésta siempre será tu casa!
📝👉 https://t.co/atgUDmay67
➕📸➡ https://t.co/6BFIt0Exsa#AúpaAtleti pic.twitter.com/bPa2FOCQji
— Atlético de Madrid (@Atleti) 23 мая 2019 г.
В стане "матрасников" испанец принял участие в 355 играх во всех турнирах, забил шесть мячей и отдал 41 результативную передачу. Также на его счету 22 мяча и один гол за сборную Испании.
Хуанфран становился чемпионом, обладателем Кубка и Суперкубка Испании, выигрывал Лигу Европы и Суперкубок УЕФА и дважды выходил в финал Лиги чемпионов.]]></text>
</doc>
