<?xml version='1.0' encoding='UTF-8'?>
<doc>
  <source><![CDATA[https://www.vesti.ru/doc.html?id=3147979&cid=7]]></source>
  <category verify="true" type="list" auto="true">
    <item type="str"><![CDATA[Новости]]></item>
    <item type="str"><![CDATA[Общество]]></item>
    <item type="str"><![CDATA[Все видео этой рубрики]]></item>
  </category>
  <title verify="true" type="str" auto="true"><![CDATA[Арестованные в США сторонники Николаса Мадуро предстанут перед судом]]></title>
  <text verify="true" type="str" auto="true"><![CDATA[Четыре сторонника президента Венесуэлы, арестованные в США, сегодня, 17 мая, предстанут перед судом. Американские власти обвиняют их в том, что они мешали работе венесуэльского посольства в Вашингтоне.
Как именно мешали — непонятно, ведь дипломаты еще в апреле вынужденно покинули миссию, а с тех пор сторонники Мадуро защищали здание от незаконного захвата. Накануне самых стойких активистов все же арестовали, передает телеканал "Россия 24".
Лидер Венесуэлы назвал это "грубой акцией против международного права" и заявил, что Каракас подаст жалобу в ООН на действия полиции США, которая нарушила неприкосновенность посольства. Дипломатическая миссия в Венесуэле будет под усиленной охраной, заявил Мадуро.]]></text>
</doc>
