<?xml version='1.0' encoding='UTF-8'?>
<doc>
  <source><![CDATA[https://www.vesti.ru/doc.html?id=3148311&cid=5]]></source>
  <category verify="true" type="list" auto="true">
    <item type="str"><![CDATA[Новости]]></item>
    <item type="str"><![CDATA[Политика]]></item>
    <item type="str"><![CDATA[Все видео этой рубрики]]></item>
  </category>
  <title verify="true" type="str" auto="true"><![CDATA[США, ПАСЕ, С-400 Матвиенко сделала ряд заявлений после встречи с Эрдоганом]]></title>
  <text verify="true" type="str" auto="true"><![CDATA[Москва надеется на осознание Вашингтоном того, что дальше загонять в угол российско-американские отношения опасно для международной стабильности.
Как передает РИА Новости, об этом международную общественность проинформировала спикер Совета Федерации Валентина Матвиенко в ходе своей рабочей поездки в Турцию.
Она подчеркнула, что в США сознают важность диалога с Россией – чему свидетельство визит американского госсекретаря Майка Помпео в Сочи 14 мая – но при этом отметила, что сейчас еще рано говорить об изменении вектора двухсторонних отношений.
Комментируя итоги своей встречи с президентом Турции Тайипом Эрдоганом, Матвиенко сообщила, что несмотря на санкционное давление Вашингтона на Анкару, газопровод "Турецкий поток" войдет в строй по плану, 31 декабря 2019 года.
Не откажется Турция и от покупки четырех дивизионов российских зенитно-ракетных комплексов С-400 (сумма контракта составляет 2 миллиарда 500 миллионов долларов), несмотря на активное недовольство США и шаги, предпринимаемые американской администрацией против своего союзника по НАТО – в частности, с 17 мая Вашингтон отменил режим льготных торговых отношений с Турцией.
При этом Матвиенко сослалась на слова Эрдогана, который заявил, что С-400 оружие не для нападения, а защиты и никаких оснований у Турции, как у суверенного государства отказываться от уже ранее заключенной сделки, нет.
Говоря о РФ и ПАСЕ, спикер верхней палаты отечественного парламента рассказала, что Россия не по своей воле ушла из Парламентской ассамблеи Совета Европы и Москва готова возобновить работу при условии равного отношения ко всем национальным делегациям.]]></text>
</doc>
