<?xml version='1.0' encoding='UTF-8'?>
<doc>
  <source><![CDATA[https://www.vesti.ru/doc.html?id=3148141&cid=680]]></source>
  <category verify="true" type="list" auto="true">
    <item type="str"><![CDATA[Новости]]></item>
    <item type="str"><![CDATA[Спорт]]></item>
    <item type="str"><![CDATA[Все видео этой рубрики]]></item>
  </category>
  <title verify="true" type="str" auto="true"><![CDATA[Икарди договорился с Ювентусом о контракте на 8 миллионов евро]]></title>
  <text verify="true" type="str" auto="true"><![CDATA[Аргентинский нападающий "Интера" Мауро Икарди близок к смене клубной прописки. В предстоящее летнее трансферное окно аргентинец намерен стать игроком туринского "Ювентуса". Стороны уже согласовали со "Старой синьорой" контракт на пять лет.
Соглашение между Икарди и "Юве" был согласовано еще несколько недель назад, сообщает Спортс.Ru со ссылкой на итальянского журналиста Николо Скиру. По договору с туринцами он ежегодно будет зарабатывать порядка восьми миллионов евро.
Примечательно, что представители "Интера" хотели продать игрока в зарубежный чемпионат, однако жена и по совместительству агента Мауро – Ванда Нара хочет остаться на Апеннинском полуострове, где ее мужем интересуется "Ювентус".
Сам же Икарди не хочет оставаться в "Интере" из-за возможного прихода в клуб Антонио Конте.]]></text>
</doc>
