<?xml version='1.0' encoding='UTF-8'?>
<doc>
  <source><![CDATA[https://www.vesti.ru/doc.html?id=3148106&cid=680]]></source>
  <category verify="true" type="list" auto="true">
    <item type="str"><![CDATA[Новости]]></item>
    <item type="str"><![CDATA[Спорт]]></item>
    <item type="str"><![CDATA[Все видео этой рубрики]]></item>
  </category>
  <title verify="true" type="str" auto="true"><![CDATA[Икер Касильяс завершит карьеру футболиста в конце мая]]></title>
  <text verify="true" type="str" auto="true"><![CDATA[Чемпион мира в составе сборной Испании, а ныне вратарь "Порту" Икер Касильяс в скором времени завершит профессиональную карьеру футболиста. Главной причиной такого решения стал сердечный приступ, который он перенес в начале мая.
Ожидается, что о своем окончательном решении Касильяс объявит после того, как завершится футбольный сезон в Португалии, сообщает ТАСС со ссылкой на АВС. В сезоне "драконам" осталось провести два матча – встречу чемпионата Португалии против "Бенфики" 18 мая и финал Кубка страны против лиссабонского "Спортинга", который состоится 25 мая.
Напомним, что накануне испанец был госпитализирован после того, как почувствовал ухудшение своего самочувствия во время тренировочного занятия "Порту". В госпитале ему потребовалась операция, но его жизнь была вне зоны риска. Его участие в играх полностью исключено.]]></text>
</doc>
