<?xml version='1.0' encoding='UTF-8'?>
<doc>
  <source><![CDATA[https://www.vesti.ru/doc.html?id=3147990&cid=5]]></source>
  <category verify="true" type="list" auto="true">
    <item type="str"><![CDATA[Новости]]></item>
    <item type="str"><![CDATA[Политика]]></item>
    <item type="str"><![CDATA[Все видео этой рубрики]]></item>
  </category>
  <title verify="true" type="str" auto="true"><![CDATA[Санкции против китайской Huawei вредят экономике Японии]]></title>
  <text verify="true" type="str" auto="true"><![CDATA[Американские санкции в отношении китайского телекоммуникационного гиганта Huawei причинят ущерб японским компаниям, заявил министр финансов Японии Таро Асо. По его словам, некоторые предприятия страны поставляет корпорации Huawei комплектующие детали, и ограничительные меры США станут серьезной помехой для бизнеса.
Ранее американский минторг заявил, что вносит в черный список Huawei и всех связанных с ней юридических лиц. Решение вступает в силу сегодня, 17 мая, передает телеканал "Россия 24". Якобы эта мера необходима для защиты нацбезопасности США. Вашингтон обвиняет компанию Huawei в том, что она использует свою технику в целях шпионажа.]]></text>
</doc>
