<?xml version='1.0' encoding='UTF-8'?>
<doc>
  <source><![CDATA[https://www.vesti.ru/doc.html?id=3150837&cid=8]]></source>
  <category verify="true" type="list" auto="true">
    <item type="str"><![CDATA[Новости]]></item>
    <item type="str"><![CDATA[Происшествия]]></item>
    <item type="str"><![CDATA[Все видео этой рубрики]]></item>
  </category>
  <title verify="true" type="str" auto="true"><![CDATA[Игумен Севастиан на два месяца помещен в следственный изолятор]]></title>
  <text verify="true" type="str" auto="true"><![CDATA[Суд на два месяца арестовал 60-летнего игумена Севастиана, ранившего ножом в келье Троице-Сергиевой лавры иеродьякона Поликарпа. Священнослужитель помещен в следственный изолятор.
  Два дня назад игумен Севастиан (в миру Николай Запольнов) под влиянием выпитого алкоголя бросился с ножом на 62-летнего иеродьякона Поликарпа (в миру Николая Сидорова), обвиняя последнего в присвоении пожертвований.
Вчера, 23 мая, патриарх Кирилл  лишил сана агрессивного священника.]]></text>
</doc>
