<?xml version='1.0' encoding='UTF-8'?>
<doc>
  <source><![CDATA[https://www.vesti.ru/doc.html?id=3148165&cid=8]]></source>
  <category verify="true" type="list" auto="true">
    <item type="str"><![CDATA[Новости]]></item>
    <item type="str"><![CDATA[Происшествия]]></item>
    <item type="str"><![CDATA[Все видео этой рубрики]]></item>
  </category>
  <title verify="true" type="str" auto="true"><![CDATA[Мать девочки из захламленной квартиры на Ленинградке просит передать ребенка своей сестре]]></title>
  <text verify="true" type="str" auto="true"><![CDATA[Мать 5-летней девочки, найденной в начале марта в захламленной московской квартире, просит передать дочь своей сестре. Москвичка Ирина Гаращенко, которую психиатрическая экспертиза признала невменяемой, заявила, что надеется вылечиться и восстановить родительские права.
Девочку обнаружили в квартире на Ленинградском проспекте. По словам специалистов, у ребенка отсутствовали социальные навыки и были признаки анорексии. Девочку госпитализировали, а мать обвинили в покушении на убийство. Сейчас женщина находится под арестом. Между тем, не все согласны с обвинениями в ее адрес.
"Большая часть общения нашего проходила как раз на тему того, как там девочка, что с ней происходит. То, что она оставила ее в опасной ситуации, говорило именно о болезни, а не о том, что она хотела ее убить. Она на самом деле очень трогательно о ней заботилась. Но из-за того, что произошли эти сдвиги в психике, были как раз и нарушения, связанные с воспитанием", — рассказала заместитель председателя Общественной наблюдательной комиссии города Москвы Ева Меркачева.
Текст: "Вести-Москва"]]></text>
</doc>
