<?xml version='1.0' encoding='UTF-8'?>
<doc>
  <source><![CDATA[https://www.vesti.ru/doc.html?id=3149707&cid=680]]></source>
  <category verify="true" type="list" auto="true">
    <item type="str"><![CDATA[Новости]]></item>
    <item type="str"><![CDATA[Спорт]]></item>
    <item type="str"><![CDATA[Все видео этой рубрики]]></item>
  </category>
  <title verify="true" type="str" auto="true"><![CDATA[Петр Чех летом вернется в Челси]]></title>
  <text verify="true" type="str" auto="true"><![CDATA[Вратарь лондонского "Арсенала" и сборной Чехии Петр Чех вернется в свой бывший клуб – лондонский "Челси". Это произойдет сразу после того, как по окончании текущего футбольного сезона он завершит профессиональную карьеру футболиста.
В "Челси" он уже договорился о том, что займет должность спортивного директора, о чем сообщает Чемпионат.Com со ссылкой на Sky Sports. Ранее чешский голкипер объявил о том, что финальный поединок Лиги Европы как раз против "Челси" станет для него последним в карьере. Он состоится 29 мая в Баку.
Напомним, что Чех защищал ворота "Челси" на протяжении 11 лет – с 2004 по 2015 год, после чего перебрался в другой лондонский клуб – "Арсенал". Именно с "синими" связаны его основные карьерные успехи: четыре титула чемпиона Англии, четыре Кубка страны, а также победы в Лиге чемпионов и Лиге Европы.]]></text>
</doc>
