<?xml version='1.0' encoding='UTF-8'?>
<doc>
  <source><![CDATA[https://www.vesti.ru/doc.html?id=3150123&cid=5]]></source>
  <category verify="true" type="list" auto="true">
    <item type="str"><![CDATA[Новости]]></item>
    <item type="str"><![CDATA[Политика]]></item>
    <item type="str"><![CDATA[Все видео этой рубрики]]></item>
  </category>
  <title verify="true" type="str" auto="true"><![CDATA[Корпорация Panasonic приостановила сотрудничество с Huawei]]></title>
  <text verify="true" type="str" auto="true"><![CDATA[Руководство японской корпорации Panasonic приняло решение об остановке всех торговых операций с китайской компанией Huawei. Об этом сообщает агентство Kyodo.
Данное решение связано с тем, что администрация Соединенных Штатов Америки фактически запретила предпринимателям из США поставлять для нужд Huawei необходимые компоненты. В свою очередь Panasonic занимался поставкой электронных комплектующих Huawei, передает ТАСС.
22 мая три главных японских мобильных оператора KDDI, NTT Docomo и SoftBank заявили, что откладывают начало продаж новых моделей смартфонов Huawei.
15 мая президент Соединенных Штатов Америки Дональд Трамп подписал указ, который ввел режим чрезвычайного положения с целью защиты информационно-коммуникационной инфраструктуры США от иностранных угроз. Позднее стало известно, что министерство торговли США внесло китайскую компанию Huawei и юридические лица, связанные с ней, в свой черный список в связи с угрозой национальной безопасности. Данное решение вступило в силу 17 мая.
В августе 2018 года Дональд Трамп подписал указ, запрещающий правительственным ведомствам Соединенных Штатов использовать оборудование, которое производят Huawei и еще одна китайская компания – ZTE.]]></text>
</doc>
