<?xml version='1.0' encoding='UTF-8'?>
<doc>
  <source><![CDATA[https://www.vesti.ru/doc.html?id=3150281&cid=680]]></source>
  <category verify="true" type="list" auto="true">
    <item type="str"><![CDATA[Новости]]></item>
    <item type="str"><![CDATA[Спорт]]></item>
    <item type="str"><![CDATA[Все видео этой рубрики]]></item>
  </category>
  <title verify="true" type="str" auto="true"><![CDATA[Николай Комличенко вызов в сборную – это толчок в карьере, который придаст мне больше сил]]></title>
  <text verify="true" type="str" auto="true"><![CDATA[Главный тренер сборной России Станислав Черчесов назвал имена игроков, которые вошли в состав национальной команды. В список футболистов вошел нападающий чешской "Млады Болеслав" Николай Комличенко, заявивший, что для него и для его семь это очень важное событие в жизни.
"Очень рад, что попал в состав. Еще не успел увидеть новость, как сразу же посыпались сообщения в социальных сетях, – приводит слова Комличенко РИА Новости. – Вызов в сборную – сильное событие и для меня, и для моей семьи. Это толчок в карьере, который придаст мне еще больше сил, чтобы работать дальше и доказывать свою состоятельность".
Напомнми, в рамках отборочного раунда чемпионата Европы сборная России уступила Бельгии (1:3), обыграла Казахстан (4:0) и с тремя очками занимает второе место в группе I. В следующем матче турнира россияне 8 июня в Саранске сыграют с Сан-Марино, а 11 июня в Нижнем Новгороде встретятся с Кипром.]]></text>
</doc>
