<?xml version='1.0' encoding='UTF-8'?>
<doc>
  <source><![CDATA[https://www.vesti.ru/doc.html?id=3147968&cid=680]]></source>
  <category verify="true" type="list" auto="true">
    <item type="str"><![CDATA[Новости]]></item>
    <item type="str"><![CDATA[Спорт]]></item>
    <item type="str"><![CDATA[Все видео этой рубрики]]></item>
  </category>
  <title verify="true" type="str" auto="true"><![CDATA[Краснодар включился в борьбу за Романа Еременко]]></title>
  <text verify="true" type="str" auto="true"><![CDATA[Футбольный клуб "Краснодар" заинтересован в приобретении полузащитника "Ростова" Романа Еременко. В ближайшее летнее трансферное окно "быки" постараются приобрести 32-летнего футболиста, набравшего неплохую форму после двухгодичной дисквалификации из-за употребления допинга.
Об интересе к Еременко со стороны "Краснодара" сообщает Чемпионат.com. Ранее стало известно, что полузащитника "Ростова" хочет видеть в своей команде главный тренер московского "Локомотива" Юрий Семин.
В нынешнем сезоне Еременко в 13 матчах чемпионата России забил три мяча и отдал две результативные передачи.]]></text>
</doc>
