<?xml version='1.0' encoding='UTF-8'?>
<doc>
  <source><![CDATA[https://www.vesti.ru/doc.html?id=3148079&cid=680]]></source>
  <category verify="true" type="list" auto="true">
    <item type="str"><![CDATA[Новости]]></item>
    <item type="str"><![CDATA[Спорт]]></item>
    <item type="str"><![CDATA[Все видео этой рубрики]]></item>
  </category>
  <title verify="true" type="str" auto="true"><![CDATA[Игнашевич ушел с поста тренера футбольной молодежки ЦСКА]]></title>
  <text verify="true" type="str" auto="true"><![CDATA[Бывший защитник футбольной сборной России и столичного ЦСКА Сергей Игнашевич покинул пост тренера молодежной команды армейского клуба. Экс-футболист надеется в самом ближайшем будущем начать самостоятельную работу, хотя он не сообщил об имеющихся предложениях.
"Получил необходимые методические знания, за что благодарен ЦСКА, главному тренеру молодежной команды Аксенову и всему ее штабу, — цитирует Игнашевича портал Чемпионат.Ru. – Сейчас нахожусь в предвкушении самостоятельной работы. Появилась уверенность. Осталось попробовать".
Бывший игрок сообщил, что в ЦСКА у него нет возможности для самостоятельной работы: "Только в детской школе. А мне, имеющему богатый практический опыт в профессиональном футболе, хочется попробовать реализовать себя на взрослом уровне".
"Чувствую в себе силы и способности начать карьеру главного тренера. Поэтому просто сидеть в дубле, тратить время и деньги клуба не хочу. Буду работать в сборной Черчесова, поеду стажироваться, учиться и искать варианты самостоятельной работы", — сказал Игнашевич.]]></text>
</doc>
