<?xml version='1.0' encoding='UTF-8'?>
<doc>
  <source><![CDATA[https://www.vesti.ru/doc.html?id=3149970&cid=9]]></source>
  <category verify="true" type="list" auto="true">
    <item type="str"><![CDATA[Новости]]></item>
    <item type="str"><![CDATA[В мире]]></item>
    <item type="str"><![CDATA[Все видео этой рубрики]]></item>
  </category>
  <title verify="true" type="str" auto="true"><![CDATA[Против Порошенко возбудили третье уголовное дело]]></title>
  <text verify="true" type="str" auto="true"><![CDATA[Фигурантом третьего уголовного дела стал экс-президент Украины Петр Порошенко. Его и ряд высших должностных лиц Специализированная антикоррупционная прокуратура (САП) Украины обвинила в превышении служебных полномочий. Это касается назначения руководителей и членов наблюдательного совета "Центрэнерго".
Должности "своим людям", по мнению спецпрокуроров, раздавались ради хищения средств компании, контрольный пакет акций которой принадлежит государству. При этом, как сообщал ТАСС, действия организованной преступной группы по хищению денег энергокомпании координировались депутатом Рады Игорем Кононенко и экс-главой украинского государства Петром Порошенко.
Второе уголовное дело было возбуждено против Порошенко из-за отправки трех украинских кораблей для скрытного прорыва через Керченский пролив. Инцидент с кораблями Порошенко использовал для введения военного положения в ряде украинских областей, рассчитывая сорвать мартовские президентские выборы. При этом Порошенко сейчас обвиняется, также как и его предшественник Виктор Янукович, в госизмене. Петру Порошенко вменяется умышленное провоцирование России ради повышения собственного рейтинга.
Еще одно уголовное дело против Порошенко было заведено в начале мая 2019 года. Тогда Генпрокуратура Украины заподозрила экс-президента в оказании давления на судей Окружного административного суда Киева, которые признали национализацию принадлежавшего Игорю Коломойскому "Приватбанка". В данном случае речь идет о части 2 статьи 376 Уголовного кодекса Украины ("Вмешательство в деятельность судебных органов").]]></text>
</doc>
