<?xml version='1.0' encoding='UTF-8'?>
<doc>
  <source><![CDATA[https://www.vesti.ru/doc.html?id=3148377&cid=680]]></source>
  <category verify="true" type="list" auto="true">
    <item type="str"><![CDATA[Новости]]></item>
    <item type="str"><![CDATA[Спорт]]></item>
    <item type="str"><![CDATA[Все видео этой рубрики]]></item>
  </category>
  <title verify="true" type="str" auto="true"><![CDATA[Лофтус-Чик не поможет Челси в финале Лиги Европы]]></title>
  <text verify="true" type="str" auto="true"><![CDATA[Полузащитник "Челси" Рубен Лофтус-Чик не сможет помочь лондонцам в финале Лиге Европы. У 23-летнего футболиста тяжелая травма – разрыв ахиллова сухожилия.
Лофтусу-Чику была произведена операция, которая прошла успешно. Рубен вернется в строй не раньше августа. Таким образом, он пропустит финал Лиги Европы и не сможет помочь сборной Англии в финале Лиги наций.
Финал Лиги Европы пройдет в Баку 29 мая. Вторйо по значимости клубный трофей Европы разыграют лондонские "Челси" и "Арсенал".]]></text>
</doc>
