<?xml version='1.0' encoding='UTF-8'?>
<doc>
  <source><![CDATA[https://www.vesti.ru/doc.html?id=3147959&cid=680]]></source>
  <category verify="true" type="list" auto="true">
    <item type="str"><![CDATA[Новости]]></item>
    <item type="str"><![CDATA[Спорт]]></item>
    <item type="str"><![CDATA[Все видео этой рубрики]]></item>
  </category>
  <title verify="true" type="str" auto="true"><![CDATA[В Москве стартует первый этап Гран-при-2019 по шахматам]]></title>
  <text verify="true" type="str" auto="true"><![CDATA[17 мая в Москве в здании Центрального дома шахматиста имени М.М. Ботвинника начнется первый этап Гран-при Международной шахматной федерации. Соревнования продлятся до 29 мая. Впервые турнир будет разыгрываться по олимпийской системе.
Всего в 2019 году запланированы четыре этапа. По их итогу два лучших шахматиста получат право на участие в турнире претендентов и возможность затем встретиться в поединке за мировую шахматную корону с норвежцем Магнусом Карлсеном.
На московском этапе Гран-при Россию представят семь гроссмейстеров. Это Ян Непомнящий, Александр Грищук, Сергей Карякин, Петр Свидлер, Никита Витюгов, Дмитрий Яковенко и Даниил Дубов.
Конкуренцию российским шахматистам составят голландец Аниш Гири, азербайджанец Шахрияр Мамедьяров, армянин Левон Аронян, американец Хикару Накамура, азербайджанец Теймур Раджабов, американец Уэсли Со, китаец Вэй И, поляки Ян-Кшиштоф Дуда и Радослав Войташек.
Отметим, что призовой фонд этапа Гран-при FIDE в Москве равен 130 тысяч евро.]]></text>
</doc>
