<?xml version='1.0' encoding='UTF-8'?>
<doc>
  <source><![CDATA[https://www.vesti.ru/doc.html?id=3150130&cid=7]]></source>
  <category verify="true" type="list" auto="true">
    <item type="str"><![CDATA[Новости]]></item>
    <item type="str"><![CDATA[Общество]]></item>
    <item type="str"><![CDATA[Все видео этой рубрики]]></item>
  </category>
  <title verify="true" type="str" auto="true"><![CDATA[В Бурятии военные беспилотники ищут очаги лесных пожаров]]></title>
  <text verify="true" type="str" auto="true"><![CDATA[Военные беспилотники патрулируют территорию Бурятии — они ищут очаги природных пожаров.
В полеты над лесами отправились аппараты "Орлан". Каждый день они могут обследовать более тысячи квадратных километров, сообщает телеканал "Россия 24". Длительность полетов при этом составит не менее 10 часов. Беспилотники оснащены инфракрасными камерами — это помогает обнаружить даже самые незначительные возгорания.
В своей работе военные взаимодействуют с местными органами власти и сотрудниками МЧС.]]></text>
</doc>
