<?xml version='1.0' encoding='UTF-8'?>
<doc>
  <source><![CDATA[https://www.vesti.ru/doc.html?id=3149954&cid=7]]></source>
  <category verify="true" type="list" auto="true">
    <item type="str"><![CDATA[Новости]]></item>
    <item type="str"><![CDATA[Общество]]></item>
    <item type="str"><![CDATA[Все видео этой рубрики]]></item>
  </category>
  <title verify="true" type="str" auto="true"><![CDATA[Семья надежная, крепкая ФСИН опроверг информацию о разводе Улюкаева]]></title>
  <text verify="true" type="str" auto="true"><![CDATA[Информация о разводе Алексея Улюкаева с женой не соответствует действительности.
Как передает радиостанция "Говорит Москва", об этом сообщил заместитель директора Федеральной службы исполнения наказаний России Валерий Максименко. Он подчеркнул, что побеседовал с Улюкаевым, который заверил его в том, что у него прекрасные отношения с женой, и благодаря ее поддержке он находит в себе силы находиться в местах заключения.
"Это семья надёжная, крепкая, на сегодняшний день это абсолютно так", - констатировал Максименко.
Ранее агентство ТАСС со ссылкой на источник сообщило, что экс-руководитель Минэкономразвития Алексей Улюкаев разводится с женой.
Экс-министр был задержан в ноябре 2016 года за вымогательство взятки в два миллиона долларов у руководства "Роснефти" и в декабре 2017 года был приговорен к восьми годам лишения свободы в колонии строгого режима, а также к штрафу в 130 миллионов рублей.]]></text>
</doc>
