<?xml version='1.0' encoding='UTF-8'?>
<doc>
  <source><![CDATA[https://www.vesti.ru/doc.html?id=3149864&cid=680]]></source>
  <category verify="true" type="list" auto="true">
    <item type="str"><![CDATA[Новости]]></item>
    <item type="str"><![CDATA[Спорт]]></item>
    <item type="str"><![CDATA[Все видео этой рубрики]]></item>
  </category>
  <title verify="true" type="str" auto="true"><![CDATA[Лидера ЦСКА Влашича ждут в Галатасарае]]></title>
  <text verify="true" type="str" auto="true"><![CDATA[Полузащитник ЦСКА Никола Влашич может продолжить карьеру в турецком "Галатасарае". Речь идет об аренде 21-летнего хорвата сроком на год.
Никола Влашич, принадлежащий английскому "Эвертону", провел сезон в аренде у ЦСКА. Хорват прекрасно проявил себя, и хотел бы остаться в армейском клубе. Но тот не может выкупить контракт игрока. Никола вынужден вернуться в "Эвертон", который и решит дальнейшую судьбу полузащитника
Чемпион Турции "Галатасарай" собирается взять Влашича в аренду. Как сообщает "Спорт-Экспресс" турецкий клуб уже сделал соответствующее предложение "Эвертону". Ране сообщалось о желании другого турецкого клуба – "Бешикташа" приобрести игрока сборной Хорватии.]]></text>
</doc>
