<?xml version='1.0' encoding='UTF-8'?>
<doc>
  <source><![CDATA[https://www.vesti.ru/doc.html?id=3149963&cid=680]]></source>
  <category verify="true" type="list" auto="true">
    <item type="str"><![CDATA[Новости]]></item>
    <item type="str"><![CDATA[Спорт]]></item>
    <item type="str"><![CDATA[Все видео этой рубрики]]></item>
  </category>
  <title verify="true" type="str" auto="true"><![CDATA[Защитник Артем Зуб внесен в заявку сборной России]]></title>
  <text verify="true" type="str" auto="true"><![CDATA[Тренерский штаб сборной России по хоккею заполнил последнее вакантное место в составе. На матч плей-офф заявлен защитник Артем Зуб. Теперь в составе нашей команды 25 хоккеистов.
Для 23-летнего защитника СКА нынешний чемпионат мира – второй в карьере. В 2017 году Артем становился бронзовым призером. В 2018 Артем в составе сборной России стал победителем Олимпийских игр в южнокорейском Пхенчхане.
Артем Зуб сможет выйти на лед уже в четвертьфинале. В четверг сборная России будет бороться за выход в полуфинал с командой США.]]></text>
</doc>
