<?xml version='1.0' encoding='UTF-8'?>
<doc>
  <source><![CDATA[https://www.vesti.ru/doc.html?id=3148033&cid=680]]></source>
  <category verify="true" type="list" auto="true">
    <item type="str"><![CDATA[Новости]]></item>
    <item type="str"><![CDATA[Спорт]]></item>
    <item type="str"><![CDATA[Все видео этой рубрики]]></item>
  </category>
  <title verify="true" type="str" auto="true"><![CDATA[Санчо отказал МанЮнайтед из-за Лиги чемпионов]]></title>
  <text verify="true" type="str" auto="true"><![CDATA[Полузащитник дортмундской "Боруссии" и сборной Англии Джейдон Санчо отказался пополнять ряды "Манчестер Юнайтед" в летнее трансферное окно. Свое решение 19-летний футболист аргументировал неучастием манкунианцев в следующем сезоне Лиги чемпионов.
Санчо являлся основной трансферной целью "красных дьяволов" предстоящим летом. Личную заинтересованность в игроке проявлял главный тренер "МЮ" Уле-Гуннар Сульшер. Однако, как сообщает Чемпионат.Com со ссылкой на The Independent, теперь в клубе потеряли надежду на приобретение юного хавбека.
Тем не менее, на Санчо по-прежнему заглядываются ведущие европейские команды. Видеть игрока у себя хотят в "Барселоне", "Реале" и "Пари Сен-Жермен". Именно французский клуб называется главным кандидатом на англичанина.]]></text>
</doc>
