<?xml version='1.0' encoding='UTF-8'?>
<doc>
  <source><![CDATA[https://www.vesti.ru/doc.html?id=3148370&cid=7]]></source>
  <category verify="true" type="list" auto="true">
    <item type="str"><![CDATA[Новости]]></item>
    <item type="str"><![CDATA[Общество]]></item>
    <item type="str"><![CDATA[Все видео этой рубрики]]></item>
  </category>
  <title verify="true" type="str" auto="true"><![CDATA[Российский постпред при ООН предложил британскому медицинскую помощь]]></title>
  <text verify="true" type="str" auto="true"><![CDATA[Постоянный представитель Российской Федерации при ООН Василий Небензя предложил помощь российских врачей постпреду Великобритании Карен Пирс на ее слова о том, что ей не хотелось бы попасть в медицинское учреждение в России.
Карен Пирс заявила, что, по мнению России, ответные удары в поддержку режима в Сирии были хирургическими по своей точности. Постпред понадеялась, что ей не понадобится лечение в Москве, если "хирургическая точность" означает то, что она видела на земле в Идлибе, передает слова Пирс РИА Новости.
В свою очередь Василий Небензя пожелал постпреду Великобритании не попадать ни в какое медицинское учреждение, но при этом уточнил: "В России есть хорошие медицинские учреждения, если вам понадобится — дайте знать".
17 мая в Совете безопасности ООН состоялось внеочередное заседание по гуманитарной ситуации в сирийской провинции Идлиб. За последнюю неделю террористы увеличили количество обстрелов поселений. Отряды боевиков предпринимают пока безуспешные попытки атаковать позиции сирийской армии. Войска ВВС САР в ответ увеличили интенсивность ударов по террористам в Идлибе.]]></text>
</doc>
