<?xml version='1.0' encoding='UTF-8'?>
<doc>
  <source><![CDATA[https://www.vesti.ru/doc.html?id=3150246&cid=7]]></source>
  <category verify="true" type="list" auto="true">
    <item type="str"><![CDATA[Новости]]></item>
    <item type="str"><![CDATA[Общество]]></item>
    <item type="str"><![CDATA[Все видео этой рубрики]]></item>
  </category>
  <title verify="true" type="str" auto="true"><![CDATA[Песков прокомментировал британское комедийное телешоу Вечер с Владимиром Путиным]]></title>
  <text verify="true" type="str" auto="true"><![CDATA[Дмитрий Песков прокомментировал сообщения о том, что британский телеканал BBC анонсировал комедийное шоу "Вечер с Владимиром Путиным", ведущим которого станет анимированный президент России.
Пресс-секретарь Путина в комментарии радиостанции "Говорит Москва" отметил, что про главу российского государства написано много книг и создано много кукол, нарисовано много карикатур и шаржей.
Однако, отметил представитель Кремля, "президент не читал книг про себя и не смотрел на карикатуры".
"Он не хочет хоть в чем-то походить на них. Пусть эти карикатуры походят на него", — рассказал Дмитрий Песков.]]></text>
</doc>
