<?xml version='1.0' encoding='UTF-8'?>
<doc>
  <source><![CDATA[https://www.vesti.ru/doc.html?id=3149710&cid=680]]></source>
  <category verify="true" type="list" auto="true">
    <item type="str"><![CDATA[Новости]]></item>
    <item type="str"><![CDATA[Спорт]]></item>
    <item type="str"><![CDATA[Все видео этой рубрики]]></item>
  </category>
  <title verify="true" type="str" auto="true"><![CDATA[Российские волейболистки с поражения стартовали в Лиге наций]]></title>
  <text verify="true" type="str" auto="true"><![CDATA[Женская сборная России по волейболу взяла старт на предварительном этапе Лиги наций. В первой встрече турнира, который состоялся в Бразилии, российские волейболистки потерпели поражение от команды Доминиканской Республики.
Волейболистки сборной России завершили поединок проигрышем по итогам четырех сетов – итоговый счет 3:1 в пользу доминиканской сборной (25:21, 22:25, 25:18, 28:26). После первого матча россиянки делит в турнирной таблице 11-12 места с командой Болгарии, также проигравшей в четырех сетах.
Следующим соперником России станет команда Китая. Встреча состоится 22 мая. Игра начнется в 23:00 по московскому времени.]]></text>
</doc>
