<?xml version='1.0' encoding='UTF-8'?>
<doc>
  <source><![CDATA[https://www.vesti.ru/doc.html?id=3150442&cid=8]]></source>
  <category verify="true" type="list" auto="true">
    <item type="str"><![CDATA[Новости]]></item>
    <item type="str"><![CDATA[Происшествия]]></item>
    <item type="str"><![CDATA[Все видео этой рубрики]]></item>
  </category>
  <title verify="true" type="str" auto="true"><![CDATA[Угроза взрыва заставила самолет приземлиться в Барселоне]]></title>
  <text verify="true" type="str" auto="true"><![CDATA[Самолет испанской авиакомпании Vueling совершил вынужденную посадку в аэропорту Барселоны из-за угрозы нахождения на борту взрывного устройства.
Сообщается, что служба безопасности парижского аэропорта имени Шарля де Голля сообщила о возможно заложенном на борту самолета взрывного устройства. Лайнер направлялся из Парижа в город Ивиса, расположенного на юго-западном побережье испанского острова Ибица в Средиземном море.
Командир экипажа, получив тревожное сообщение, последовал правилам безопасности и приземлил самолет в Барселоне. Там воздушное судно обследовали правоохранительные органы, которые установили, что угроза взрыва была ложной, передает испанская газета El Periodico.]]></text>
</doc>
