<?xml version='1.0' encoding='UTF-8'?>
<doc>
  <source><![CDATA[https://www.vesti.ru/doc.html?id=3150098&cid=5]]></source>
  <category verify="true" type="list" auto="true">
    <item type="str"><![CDATA[Новости]]></item>
    <item type="str"><![CDATA[Политика]]></item>
    <item type="str"><![CDATA[Все видео этой рубрики]]></item>
  </category>
  <title verify="true" type="str" auto="true"><![CDATA[Владимир Путин встретился в Кремле с премьер-министром Вьетнама]]></title>
  <text verify="true" type="str" auto="true"><![CDATA[Вчера, 22 мая, Владимир Путин принял в Кремле премьер-министра Вьетнама Нгуен Суан Фука. Президент отметил, что сотрудничество между нашими странами в самых разных сферах расширяется, а товарооборот растет.
Кроме того, Путин напомнил, что в июле исполнится 25 лет российско-вьетнамскому договору о дружбе, а в следующем январе — 70 лет установлению дипломатических связей.
Президент добавил, что у вьетнамской делегации в этот раз очень обширная программа визита, которая положительно скажется на отношениях Москвы и Ханоя.]]></text>
</doc>
