<?xml version='1.0' encoding='UTF-8'?>
<doc>
  <source><![CDATA[https://www.vesti.ru/doc.html?id=3150041&cid=680]]></source>
  <category verify="true" type="list" auto="true">
    <item type="str"><![CDATA[Новости]]></item>
    <item type="str"><![CDATA[Спорт]]></item>
    <item type="str"><![CDATA[Все видео этой рубрики]]></item>
  </category>
  <title verify="true" type="str" auto="true"><![CDATA[Диего Марадона был задержан в аэропорту Буэнос-Айреса]]></title>
  <text verify="true" type="str" auto="true"><![CDATA[Знаменитый аргентинский футболист Диего Марадона был задержан в аэропорту Буэнос-Айреса. Причиной стал иск к Марадоне его бывшей подруги Росио Оливы.
Олива утверждает, что 58-летний Марадона задолжал ей большую сумму денег 5,5 миллионов евро. Девушка обратилась в суд с целью взыскать долг с футбольной легенды.
Марадона провел некоторое время в полицейском участке, после чего получил уведомление о судебном разбирательстве. Рассмотрение вопроса в суде запланировано на 13 июля.]]></text>
</doc>
