<?xml version='1.0' encoding='UTF-8'?>
<doc>
  <source><![CDATA[https://www.vesti.ru/doc.html?id=3150265&cid=7]]></source>
  <category verify="true" type="list" auto="true">
    <item type="str"><![CDATA[Новости]]></item>
    <item type="str"><![CDATA[Общество]]></item>
    <item type="str"><![CDATA[Все видео этой рубрики]]></item>
  </category>
  <title verify="true" type="str" auto="true"><![CDATA[Путин поддержал идею присвоения особого статуса театру им. Федора Волкова]]></title>
  <text verify="true" type="str" auto="true"><![CDATA[Ярославский театр им. Федора Волкова может войти в список особо ценных объектов культурного наследия РФ. Идею присвоения учреждению особого статуса подержал Владимир Путин. Об этом на своей странице в "Фэйсбук" сообщил губернатор региона Дмитрий Миронов. 
Напомним, идею об особом статусе театра предложил председатель Союза театральных деятелей Александр Калягин. Также в рамках обсуждения был поднят вопрос о материально-техническом обеспечении, передает ГТРК "Ярославия".
"Волковский театр имеет множество художественных достижений, отмеченных профессиональными наградами. У него богатая история. Потому так важно сохранить его самостоятельность. Присвоение особого статуса поможет открыть перед театром новые возможности. Я очень благодарен президенту за поддержку первого русского профессионального театра", –  прокомментировал Дмитрий Миронов.
Текст: ГТРК "Ярославия"]]></text>
</doc>
