<?xml version='1.0' encoding='UTF-8'?>
<doc>
  <source><![CDATA[https://www.vesti.ru/doc.html?id=3148080&cid=5]]></source>
  <category verify="true" type="list" auto="true">
    <item type="str"><![CDATA[Новости]]></item>
    <item type="str"><![CDATA[Политика]]></item>
    <item type="str"><![CDATA[Все видео этой рубрики]]></item>
  </category>
  <title verify="true" type="str" auto="true"><![CDATA[Лукашенко выступил против надуманных ограничений]]></title>
  <text verify="true" type="str" auto="true"><![CDATA[Выборы в Белоруссии должны быть честными, справедливыми и "без надуманных ограничений". Об этом заявил белорусский лидер Александр Лукашенко.
"Чтобы ни у кого не было сомнений в их легитимности", — подчеркнул он.
Парламентские выборы в Белоруссии должны пройти не позднее 10 сентября 2020 года, президентские выборы — не позже 30 августа 2020 года, сообщает РИА Новости.
Лукашенко предложил провести выборы главы государства в 2020 году, а парламентские перенести на ноябрь 2019 года. Таким образом, по его словам, предвыборные мероприятия должны начаться уже в августе. Он поручил предварительно решить все организационные вопросы, чтобы выборы прошли в спокойной обстановке.]]></text>
</doc>
