<?xml version='1.0' encoding='UTF-8'?>
<doc>
  <source><![CDATA[https://www.vesti.ru/doc.html?id=3149748&cid=8]]></source>
  <category verify="true" type="list" auto="true">
    <item type="str"><![CDATA[Новости]]></item>
    <item type="str"><![CDATA[Происшествия]]></item>
    <item type="str"><![CDATA[Все видео этой рубрики]]></item>
  </category>
  <title verify="true" type="str" auto="true"><![CDATA[Режим КТО в Кольчугине снят, ликвидированы два боевика]]></title>
  <text verify="true" type="str" auto="true"><![CDATA[Режим контртеррористической операции в городе Кольчугино снят.
Как сообщили ТАСС в пресс-службе УФСБ по Владимирской области, решение об окончании КТО было принято руководителем оперативного штаба полковником Кузьминых.
Спецоперация началась в ночь на 22 мая. Сотрудники правоохранительных органов блокировали двоих боевиков в частном доме на окраине города, те оказали вооруженное сопротивление и были ликвидированы.
Пострадавших среди силовиков и гражданского населения нет. 15 местных жителей были эвакуированы на время спецоперации.
Личности террористов предварительно установлены. Они были сторонниками одной из террористических организаций, поддерживали связь с иностранными эмиссарами и готовили теракт. В доме найдены оружие, боеприпасы и готовая бомба.]]></text>
</doc>
