<?xml version='1.0' encoding='UTF-8'?>
<doc>
  <source><![CDATA[https://www.vesti.ru/doc.html?id=3150508&cid=5]]></source>
  <category verify="true" type="list" auto="true">
    <item type="str"><![CDATA[Новости]]></item>
    <item type="str"><![CDATA[Политика]]></item>
    <item type="str"><![CDATA[Все видео этой рубрики]]></item>
  </category>
  <title verify="true" type="str" auto="true"><![CDATA[Нуланд не пустили в Россию]]></title>
  <text verify="true" type="str" auto="true"><![CDATA[Россия отказала в визе бывшему помощнику госсекретаря США Виктории Нуланд.
Как передает "Интерфакс", об этом общественность проинформировали в министерстве иностранных дел РФ, пояснив, что дама находится в российских санкционных списках, которые были введены Москвой в ответ на аналогичные американские.
Нуланд запросила визу, чтобы принять участие в закрытой международной конференции, организованной Российским советом по международным делам, Немецким обществом внешней политики и Школой перспективных международных исследований университета Джона Хопкинса в Москве 20-21 мая, сообщает газета "Коммерсант".
Издание подчеркнуло, что в отличие от запретительного списка США российский реестр нигде в полном объеме не публиковался и о том, что им запрещен въезд в Россию, американские граждане нередко узнают уже после подачи документов на визу.
Ранее в получении визы РФ было отказано нескольким американским конгрессменам и экс-послу США в РФ Майклу Макфолу.]]></text>
</doc>
