<?xml version='1.0' encoding='UTF-8'?>
<doc>
  <source><![CDATA[https://www.vesti.ru/doc.html?id=3148240&cid=6]]></source>
  <category verify="true" type="list" auto="true">
    <item type="str"><![CDATA[Новости]]></item>
    <item type="str"><![CDATA[Экономика]]></item>
    <item type="str"><![CDATA[Все видео этой рубрики]]></item>
  </category>
  <title verify="true" type="str" auto="true"><![CDATA[Трамп отложил введение автопошлин]]></title>
  <text verify="true" type="str" auto="true"><![CDATA[Президент США Дональд Трамп отложил на полгода введение таможенных пошлин на автомобили и детали к ним.
В распоряжении американского лидера сообщается, что он принял решение о поручении представителю США на торговых переговорах проведение переговоров по торговым соглашениям. Их целью является устранение угрозы ухудшения национальной безопасности в связи с импортируемыми автомобилями и некоторыми автомобильными деталями из Евросоюза, Японии и других стран, которые представитель США сочтет целесообразными. Дональд Трамп подчеркивает, что о ходе таких переговоров ему нужно сообщить в течение 180 дней, передает ТАСС, ссылаясь на распоряжение, присланное Белым домом.
О том, что тарифы на производимые в Европейском Союзе автомобили и детали к ним могут подняться, лидер США объявил в феврале 2019 года. Еврокомиссия заявила, что в ответ введет дополнительные пошлины на товары американского экспорта объемом в 20 миллиардов евро.]]></text>
</doc>
