<?xml version='1.0' encoding='UTF-8'?>
<doc>
  <source><![CDATA[https://www.vesti.ru/doc.html?id=3150506&cid=8]]></source>
  <category verify="true" type="list" auto="true">
    <item type="str"><![CDATA[Новости]]></item>
    <item type="str"><![CDATA[Происшествия]]></item>
    <item type="str"><![CDATA[Все видео этой рубрики]]></item>
  </category>
  <title verify="true" type="str" auto="true"><![CDATA[Сбой на серой ветке поломавшийся поезд заблокировал в тоннеле два состава]]></title>
  <text verify="true" type="str" auto="true"><![CDATA[В московском метро остановились поезда на северном участке Серпуховско-Тимирязевской линии. После поломки одного состава в тоннеле между станциями "Бибирево" и "Алтуфьево" оказались заблокированы еще два поезда, передает телеканал "Россия 24".
В настоящее время пассажиров из неисправного состава уже эвакуировали. Людей из заблокированных в тоннеле составов направили на станцию "Бибирево" дополнительным поездом.
Сам поломанный состав уже отбуксирован со станции. Поезда, застрявшие в тоннеле направлены в обратном направлении, на станцию "Бибирево".
"На участке "Отрадное" – "Алтуфьево" организовано челночное движение. Интервал около 12 минут", — сообщается на официальной странице метрополитена в Twitter.
Полностью восстановить движение планируется к 22 часам.]]></text>
</doc>
