<?xml version='1.0' encoding='UTF-8'?>
<doc>
  <source><![CDATA[https://www.vesti.ru/doc.html?id=3150328&cid=680]]></source>
  <category verify="true" type="list" auto="true">
    <item type="str"><![CDATA[Новости]]></item>
    <item type="str"><![CDATA[Спорт]]></item>
    <item type="str"><![CDATA[Все видео этой рубрики]]></item>
  </category>
  <title verify="true" type="str" auto="true"><![CDATA[Димитрис Итудис хотим показать, что являемся сильным и единым коллективом]]></title>
  <text verify="true" type="str" auto="true"><![CDATA[В первом полуфинальном матче серии баскетбольной Единой лиги ВТБ московский ЦСКА на домашнем паркете сыграет с петербургским "Зенитом". Наставник армейцев Димитрис Итудис – о предстоящем противостоянии с командой из города на Неве.
"Мы вернулись к работе, и сейчас сменяем чип на плей-офф Лиги ВТБ. "Зенит" – качественная и мотивированная команда, но у нас тоже хватает мотивации, – приводит слова Итудиса пресс-служба ЦСКА. – Хотим показать, что являемся сильным и единым коллективом. Нужно продолжать борьбу. Надеюсь, наши болельщики понимают важность оставшихся матчей и придут поддержать нас".
Напомним, матч ЦСКА – "Зенит" состоится в четверг, 23 мая в Москве и начнется в 19:30 по местному времени.]]></text>
</doc>
