<?xml version='1.0' encoding='UTF-8'?>
<doc>
  <source><![CDATA[https://www.vesti.ru/doc.html?id=3150367&cid=680]]></source>
  <category verify="true" type="list" auto="true">
    <item type="str"><![CDATA[Новости]]></item>
    <item type="str"><![CDATA[Спорт]]></item>
    <item type="str"><![CDATA[Все видео этой рубрики]]></item>
  </category>
  <title verify="true" type="str" auto="true"><![CDATA[Формула-1. Феттель вышел на старт в шлеме, посвященном Лауде]]></title>
  <text verify="true" type="str" auto="true"><![CDATA[Нынешний Гран-при Монако, этап чемпионата мира по автогонкам в классе "Формула-1", проходит сразу после трагического дня смерти великого гонщика, трехкратного чемпиона мира Ники Лауды. Многие мероприятия будут посвящены памяти австрийца, а Себастьян Феттель сделал новый шлем в честь Лауды.
Немецкий лидер итальянской команды Ferrari разместил на своем шлеме не только имя великого пилота "Формулы-1", но и фотографии, посвященные памяти чемпиона мира, сообщает F1i.Com. При этом в последние годы Лауда работал в стане главных конкурентов итальянской "Скудерии" – немецкой команде Mercedes.]]></text>
</doc>
