<?xml version='1.0' encoding='UTF-8'?>
<doc>
  <source><![CDATA[https://www.vesti.ru/doc.html?id=3148056&cid=680]]></source>
  <category verify="true" type="list" auto="true">
    <item type="str"><![CDATA[Новости]]></item>
    <item type="str"><![CDATA[Спорт]]></item>
    <item type="str"><![CDATA[Все видео этой рубрики]]></item>
  </category>
  <title verify="true" type="str" auto="true"><![CDATA[Роман Шаронов может сменить Бердыева в Рубине]]></title>
  <text verify="true" type="str" auto="true"><![CDATA[Бывший футболист казанского "Рубина" Роман Шаронов является одним из претендентов на пост главного тренера клуба из столицы Татарстана. На эту должность он может вступить в случае отставки нынешнего тренера команды Курбана Бердыева.
На данный момент Шаронов возглавляет молодежную команду "Рубина", в которой он работает с 2017 года. Как сообщает "Бизнес Онлайн Спорт", помимо экс-игрока казанцев кандидатами на пост являются Роберт Евдокимов, известный по работе в клубах Футбольной национальной лиги, а также нынешний наставник "Оренбурга" Владимир Федотов.
Напомним, что ранее сообщалось о том, что Курбан Бердыев объявит о своем окончательном решении в отношении "Рубина" после матча заключительного, 30-го тура российской премьер-лиги, в котором "рубиновые" сыграют с "Краснодаром".]]></text>
</doc>
