<?xml version='1.0' encoding='UTF-8'?>
<doc>
  <source><![CDATA[https://www.vesti.ru/doc.html?id=3149894&cid=9]]></source>
  <category verify="true" type="list" auto="true">
    <item type="str"><![CDATA[Новости]]></item>
    <item type="str"><![CDATA[В мире]]></item>
    <item type="str"><![CDATA[Все видео этой рубрики]]></item>
  </category>
  <title verify="true" type="str" auto="true"><![CDATA[Я просто ждал идеальную женщину. Тарантино объяснил, почему был холостяком]]></title>
  <text verify="true" type="str" auto="true"><![CDATA[Американский режиссер Квентин Тарантино, который представил на Каннском кинофестивале новый фильм "Однажды... в Голливуде", рассказал, почему не женился до 55 лет, передает РИА Новости.
"Я женился полгода назад. Моя жена сидит перед вами. Раньше жениться не планировал, но теперь понимаю, почему — я просто ждал идеальную женщину", — поделился Тарантино произошедшими в его жизни изменениями.
Как сообщалось ранее, режиссер Квентин Тарантино женился на 35-летней израильской певице и модели Даниэле Пик. Свадебная церемония прошла в Лос-Анджелесе.
Картина "Однажды... в Голливуде" рассказывает о событиях, произошедших на закате "золотого века" Голливуда, в 1969 году. Главные герои — известный актер Рик Далтон и его дублер Клифф Бут, также зрители увидят Романа Полански и его жену Шэрон Тейт, погибшую от рук коммуны известного преступника Чарли Мэнсона.
Картина вошла в конкурсную программу в последний момент. Было непонятно, успеет ли режиссер завершить фильм. Премьеру фильма, встретили продолжительными овациями.]]></text>
</doc>
