<?xml version='1.0' encoding='UTF-8'?>
<doc>
  <source><![CDATA[https://www.vesti.ru/doc.html?id=3148014&cid=8]]></source>
  <category verify="true" type="list" auto="true">
    <item type="str"><![CDATA[Новости]]></item>
    <item type="str"><![CDATA[Происшествия]]></item>
    <item type="str"><![CDATA[Все видео этой рубрики]]></item>
  </category>
  <title verify="true" type="str" auto="true"><![CDATA[Мужчина погиб из-за стрельбы на территории школы]]></title>
  <text verify="true" type="str" auto="true"><![CDATA[Стрельба на территории школы и детского сада на юге новозеландского Окленда. Получивший огнестрельные ранения мужчина был обнаружен прибывшими на место происшествия полицейскими. Но раненый скончался.
Школа и детский сад Флэт-Буш в районе Отара на юге Окленда, где произошел инцидент, закрыты и оцеплены. Расследование происшествия и поиском личности всех его участников занимается полиция Новой Зеландии, сообщает ТАСС.]]></text>
</doc>
