<?xml version='1.0' encoding='UTF-8'?>
<doc>
  <source><![CDATA[https://www.vesti.ru/doc.html?id=3148236&cid=7]]></source>
  <category verify="true" type="list" auto="true">
    <item type="str"><![CDATA[Новости]]></item>
    <item type="str"><![CDATA[Общество]]></item>
    <item type="str"><![CDATA[Все видео этой рубрики]]></item>
  </category>
  <title verify="true" type="str" auto="true"><![CDATA[Акция против храма число арестованных возросло до 33]]></title>
  <text verify="true" type="str" auto="true"><![CDATA[Верх-Исетский районный суд Екатеринбурга и мировой судья рассмотрели материалы трех задержанных участников несанкционированной акции против строительства собора Святой Екатерины в центре Екатеринбурга.
Как передает "Интерфакс", об этом общественность проинформировала официальный представитель суда Ольга Тафф, по словам которой все трое арестованы на пять суток.
Ранее сообщалось, что по итогам протестной акции арестовано 30 человек. Теперь их общее число возросло до 33.
Несанкционированные массовые протесты против строительства собора Святой Екатерины на Октябрьской площади в центре Екатеринбурга, где сейчас находится сквер, проходят в городе с 13 мая. Екатеринбуржцы требуют сохранить место прогулок. Ранее инициативная группа горожан обращалась с просьбой о проведении общегородского референдума по этому вопросу, однако получила отказ.
В итоге десятки активистов задержаны, в отношении 98 человек составлено 102 протокола
16 мая, комментируя ситуацию в Екатеринбурге, президент России Владимир Путин подчеркнул, что властям нужно учитывать мнение местных жителей.
"Есть простой способ — провести опрос. И меньшинство должно подчиниться большинству. В этом и состоит принцип демократии. Но при этом, безусловно, нужно учесть и мнение, и интересы этого меньшинства", — подчеркнул глава государства.
После этого власти Екатеринбурга пообещали, что в течении 20 дней проведут опрос горожан, однако работы по подготовке строительной площадки в центре столицы Урала не будут приостановлены.]]></text>
</doc>
