<?xml version='1.0' encoding='UTF-8'?>
<doc>
  <source><![CDATA[https://www.vesti.ru/doc.html?id=3147956&cid=5]]></source>
  <category verify="true" type="list" auto="true">
    <item type="str"><![CDATA[Новости]]></item>
    <item type="str"><![CDATA[Политика]]></item>
    <item type="str"><![CDATA[Все видео этой рубрики]]></item>
  </category>
  <title verify="true" type="str" auto="true"><![CDATA[Трамп пообещал, что не допустит войны с Ираном]]></title>
  <text verify="true" type="str" auto="true"><![CDATA[Дональд Трамп заявил главе Пентагона, что не допустит войны с Ираном. Об этом сообщает New York Times со ссылкой на источник в Белом доме.
Как раз сегодня утром у Трампа был брифинг с военными по ситуации в Иране, напоминает телеканал "Россия 24". Там якобы и прозвучало это заявление.
Между тем высокопоставленные чиновники из администрации президента США готовят новые санкции, цель которых – подрыв режима в Иране, в том числе – с помощью ослабления экономики. Так, под ограничения могут попадать целые сектора экономики – например, нефтехимический. Данный пакет санкций рассматривается как альтернатива военным действиям.]]></text>
</doc>
