<?xml version='1.0' encoding='UTF-8'?>
<doc>
  <source><![CDATA[https://www.vesti.ru/doc.html?id=3147963&cid=8]]></source>
  <category verify="true" type="list" auto="true">
    <item type="str"><![CDATA[Новости]]></item>
    <item type="str"><![CDATA[Происшествия]]></item>
    <item type="str"><![CDATA[Все видео этой рубрики]]></item>
  </category>
  <title verify="true" type="str" auto="true"><![CDATA[Обрушение здания в Шанхае число погибших увеличилось до 10 человек]]></title>
  <text verify="true" type="str" auto="true"><![CDATA[Из-под завалов здания, обрушившегося в китайском Шанхае, спасатели смогли вытащить 25 человек. В результате полученных травм 10 пострадавших скончались позже в больнице. Такие данные сообщает информационное агентство Xinhua, ссылаясь на городские власти.
Как уточняется, ЧП произошло в первой половине дня 16 мая на улице Чжаохуа в городском районе Чаннин. Рухнула стена старой фабрики, где проводились работы по подготовке объекта к сносу. В момент обрушения в здании находились порядка 20 рабочих. Точные данные о количестве пострадавших, находящихся в больницах города, не приводятся.
В настоящее время на месте случившегося завершаются поисково-спасательные работы. Общая площадь обрушившегося участка составила около 1 тысячи квадратных метров, передает ТАСС.]]></text>
</doc>
