<?xml version='1.0' encoding='UTF-8'?>
<doc>
  <source><![CDATA[https://www.vesti.ru/doc.html?id=3149824&cid=5]]></source>
  <category verify="true" type="list" auto="true">
    <item type="str"><![CDATA[Новости]]></item>
    <item type="str"><![CDATA[Политика]]></item>
    <item type="str"><![CDATA[Все видео этой рубрики]]></item>
  </category>
  <title verify="true" type="str" auto="true"><![CDATA[Кремль крайне негативно относится к американскому ультиматуму Турции по С-400]]></title>
  <text verify="true" type="str" auto="true"><![CDATA[В Кремле крайне негативно относятся к двухнедельному ультиматуму, выдвинутому Вашингтоном Анкаре. Пресс-секретарь президента Дмитрий Песков заявил, что Россия считает подобные ультиматумы непозволительными.
Он подчеркнул, что в Москве исходят из заявлений турецкого руководства во главе с президентом Реджепом Тайипом Эрдоганом о том, что сделка по С-400 является совершенной".
"Эта сделка реализуется", — цитирует Пескова "Интерфакс".
Ранее министр обороны Турции Хулуси Акар заявил, что сделка по С-400 завершена, соглашение с Россией подписано. Он добавил, что у Анкары и Москвы прекрасные отношения. Турецкие военные уже начали обучение обслуживанию и управлению зенитных ракетных систем.
Между тем Госдепартамент США выпустил заявление, в котором говорится, что Турция должна отказаться в двухнедельный срок от закупок С-400.]]></text>
</doc>
