<?xml version='1.0' encoding='UTF-8'?>
<doc>
  <source><![CDATA[https://www.vesti.ru/doc.html?id=3150548&cid=9]]></source>
  <category verify="true" type="list" auto="true">
    <item type="str"><![CDATA[Новости]]></item>
    <item type="str"><![CDATA[В мире]]></item>
    <item type="str"><![CDATA[Все видео этой рубрики]]></item>
  </category>
  <title verify="true" type="str" auto="true"><![CDATA[За домогательства Харви Вайнштейн выплатит более 40 миллионов]]></title>
  <text verify="true" type="str" auto="true"><![CDATA[Голливудскому продюсеру Харви Вайнштейну придется потратиться.
Для урегулирования претензий женщин, обвиняющих его в сексуальных домогательствах на рабочем месте, он готов выплатить 44 миллиона долларов.
Соглашение предстоит одобрить генеральному прокурору штата Нью-Йорк. Если соглашение будет утверждено, прокуратура отзовет иск, передает РИА Новости.
Но это соглашение не касается уголовного дела по обвинениям в изнасилованиях.
Скандал разгорелся, когда Харви Вайнштейна обвинили в домогательствах десятки женщин, среди которых были известные голливудские актрисы Анджелина Джоли, Ума Турман и Эшли Джадд.]]></text>
</doc>
