<?xml version='1.0' encoding='UTF-8'?>
<doc>
  <source><![CDATA[https://www.vesti.ru/doc.html?id=3150385&cid=680]]></source>
  <category verify="true" type="list" auto="true">
    <item type="str"><![CDATA[Новости]]></item>
    <item type="str"><![CDATA[Спорт]]></item>
    <item type="str"><![CDATA[Все видео этой рубрики]]></item>
  </category>
  <title verify="true" type="str" auto="true"><![CDATA[Стал известен состав сборной России на четвертьфинальный матч чемпионата мира с США]]></title>
  <text verify="true" type="str" auto="true"><![CDATA[В матче 1/4 финала чемпионата мира по хоккею с шайбой сборная России на льду арены имени Ондрея Непелы сыграет с США. Тренерский штаб российской национальной команды во главе с Ильей Воробьевым объявил стартовый состав на матч с американцами.
Вратари: Андрей Василевский, Александр Георгиев
Первое звено: Михаил Сергачев – Никита Нестеров, Михаил Григоренко – Евгений Малкин (А) – Евгений Дадонов.
Второе звено: Дмитрий Орлов – Никита Зайцев, Александр Овечкин – Евгений Кузнецов – Кирилл Капризов.
Третье звено: Динар Хафизуллин – Владислав Гавриков, Никита Гусев – Артем Анисимов – Никита Кучеров.
Четвертое звено: Никита Задоров, Илья Ковальчук (К) – Сергей Андронов – Иван Телегин, Александр Барабанов
📢 Есть состав на четвертьфинал!

Стартовое вбрасывание в 17:15 по мск. #снамироссия pic.twitter.com/ryqIOjMwCO
— Хоккей России (@russiahockey) 23 мая 2019 г.
Напомним, матч Россия – США состоится в четверг, 23 мая и пройдет в словацком городе Братислава, начало – в 17:15 по московскому времени.]]></text>
</doc>
