<?xml version='1.0' encoding='UTF-8'?>
<doc>
  <source><![CDATA[https://www.vesti.ru/doc.html?id=3150317&cid=7]]></source>
  <category verify="true" type="list" auto="true">
    <item type="str"><![CDATA[Новости]]></item>
    <item type="str"><![CDATA[Общество]]></item>
    <item type="str"><![CDATA[Все видео этой рубрики]]></item>
  </category>
  <title verify="true" type="str" auto="true"><![CDATA[В Екатеринбурге подросткам-героям вручили Горячие сердца]]></title>
  <text verify="true" type="str" auto="true"><![CDATA[В Екатеринбурге сегодня награждали подростков-героев. Нагрудные знаки — "Горячие сердца" вручили молодым людям до 23 лет, совершившим героический поступок.  Награды получили 3 школьника из Екатеринбурга и один подросток из Туринского городского округа.
Как отмечает ГТРК "Урал", Амин и Роман помогли в поисках похитителей двенадцатилетней девочки. А Алексей прошлым летом пришёл на помощь тонущему подростку. Егор Кибирев из Туринского округа  тоже спас утопающего мальчика, ЧП произошло во время отдыха в Турции. "Даже не думал, даже ничего осмыслить не успел, нырнул под волны, поплыл за тонущим. Мама мальчика пыталась помочь, но её опрокинуло волной, она не смогла зайти в воду", — вспоминает юный герой. Мама Егора говорит, что очень испугалась за сына, думала он тоже не выплывет, так как был большой шторм. "Зато, когда все разрешилось, охватила большая гордость",  — подклилась Ольга Кибирева.
Текст: ГТРК "Урал"]]></text>
</doc>
