<?xml version='1.0' encoding='UTF-8'?>
<doc>
  <source><![CDATA[https://www.vesti.ru/doc.html?id=3150539&cid=8]]></source>
  <category verify="true" type="list" auto="true">
    <item type="str"><![CDATA[Новости]]></item>
    <item type="str"><![CDATA[Происшествия]]></item>
    <item type="str"><![CDATA[Все видео этой рубрики]]></item>
  </category>
  <title verify="true" type="str" auto="true"><![CDATA[На выпускников омской гимназии обрушилась часть потолка во время последнего звонка]]></title>
  <text verify="true" type="str" auto="true"><![CDATA[В омской гимназии во время последнего звонка обрушилась часть потолка, при этом массивный кусок штукатурки упал прямо на выступавших на сцене выпускников. Обошедшийся без серьезных последствий инцидент сняли на видео.
  На кадрах видно, что за пару секунд до обрушения один из учеников гимназии №147 на улице Добролюбова поднимает голову вверх, очевидно, услышав какой-то треск. Он предупредил приятеля, но тот успел только окинуть взором потолок, после чего кусок штукатурки упал на головы ребят. Возникло секундное замешательство, но выпускники не покинули сцену, а до конца исполнили песню, хотя мелкие фрагменты продолжали сыпаться с потолка.
"Пострадали ребята не сильно, да и отделались они больше испугом. Часть потолка упала, причем не только на видео, она и так осыпалась", — рассказала "НГС-Омск" одна из учениц гимназии.
Учебное заведение ждет серьезная проверка.]]></text>
</doc>
