<?xml version='1.0' encoding='UTF-8'?>
<doc>
  <source><![CDATA[https://www.vesti.ru/doc.html?id=3149813&cid=8]]></source>
  <category verify="true" type="list" auto="true">
    <item type="str"><![CDATA[Новости]]></item>
    <item type="str"><![CDATA[Происшествия]]></item>
    <item type="str"><![CDATA[Все видео этой рубрики]]></item>
  </category>
  <title verify="true" type="str" auto="true"><![CDATA[Канский бармен погасил сигарету посетительницы с помощью огнетушителя]]></title>
  <text verify="true" type="str" auto="true"><![CDATA[Необычный способ борьбы с курением выбрал бармен одного из кафе в Канске — он затушил сигарету несговорчивой посетительницы с помощью огнетушителя. Камера наблюдения зафиксировала незаурядный инцидент.
  Около трех часов ночи 21 мая, перед закрытием в заведение заглянули две подвыпившие девушки. Сделав заказ, они попросили у бармена прикурить. Тот протянул зажигалку, но предупредил, что в кафе не курят, и предложил пройти на улицу.
"А она сидит, прикурила сигарету и отвечает: "Мне все равно". Он ее предупреждал, реакции не было. В итоге взял огнетушитель. Она огрызаться начала. Первый раз пользовался огнетушителем и не ожидал, что такой сильный напор будет", — рассказала "НГС24" администратор заведения.
По ее словам, после инцидента девушки выскочили на улицу и закатили скандал, но в итоге просто удалились. 
Ряд пользователей усомнились в реальности происходящего, предположив, что ролик постановочный.]]></text>
</doc>
