<?xml version='1.0' encoding='UTF-8'?>
<doc>
  <source><![CDATA[https://www.vesti.ru/doc.html?id=3148124&cid=8]]></source>
  <category verify="true" type="list" auto="true">
    <item type="str"><![CDATA[Новости]]></item>
    <item type="str"><![CDATA[Происшествия]]></item>
    <item type="str"><![CDATA[Все видео этой рубрики]]></item>
  </category>
  <title verify="true" type="str" auto="true"><![CDATA[ЧП на теплоходе Партизан капитан мог перепутать курс движения]]></title>
  <text verify="true" type="str" auto="true"><![CDATA[Увеселительная прогулка на теплоходе "Партизан" по рекам и каналам города на Неве может завершиться уголовным или административным делом. ЧП случилось накануне, 16 мая, сообщает ГТРК "Санкт-Петербург". Судно село на мель под Иоанновским мостом, это рядом с Петропавловской крепостью.
Сейчас идет проверка произошедшего. Разъяснения дает капитан теплохода, также у него взяли кровь на наличие алкоголя. Скорее всего, причиной случившегося стала именно ошибка капитана — видимо, он повернул судно не в тот пролет под мостом.
К счастью, ЧП обошлось без серьезных последствий. Правда, как рассказывают очевидцы, один из пассажиров едва не оказался в воде, ударившись о балку моста. Но медицинская помощь не потребовалась.
Текст: ГТРК "Санкт-Петербург"]]></text>
</doc>
