<?xml version='1.0' encoding='UTF-8'?>
<doc>
  <source><![CDATA[https://www.vesti.ru/doc.html?id=3150206&cid=7]]></source>
  <category verify="true" type="list" auto="true">
    <item type="str"><![CDATA[Новости]]></item>
    <item type="str"><![CDATA[Общество]]></item>
    <item type="str"><![CDATA[Все видео этой рубрики]]></item>
  </category>
  <title verify="true" type="str" auto="true"><![CDATA[Пензенская область готова к проведению всеармейского конкурса АрМИ-2019]]></title>
  <text verify="true" type="str" auto="true"><![CDATA[Пензенская область примет армейские игры-2019. Конкурс "АрМИ-2019" пройдет с 28 мая по 5 июня на базе Пензенского филиала Военной академии материально-технического обеспечения в учебном комплексе "Учебный" на 17-м километре трассы Пенза - Тамбов.
В играх примут участие команды военнослужащих российской армии из четырех округов, Воздушно-десантных войск, Северного флота, Национальной гвардии, Пензенского артиллерийского инженерного института, рассказали ГТРК "Пенза" в областном правительстве.
Отметим, что в прошлом году на международном конкурсе на лучший ремонтный взвод вооружения "Мастер-оружейник" победила российская команда, второе место заняла команда Республики Казахстан, на третьем - команда Узбекистана.
Текст: ГТРК "Пенза"]]></text>
</doc>
