<?xml version='1.0' encoding='UTF-8'?>
<doc>
  <source><![CDATA[https://www.vesti.ru/doc.html?id=3147994&cid=8]]></source>
  <category verify="true" type="list" auto="true">
    <item type="str"><![CDATA[Новости]]></item>
    <item type="str"><![CDATA[Происшествия]]></item>
    <item type="str"><![CDATA[Все видео этой рубрики]]></item>
  </category>
  <title verify="true" type="str" auto="true"><![CDATA[Air Astana опровергла информацию об аварийной посадке лайнера в Шереметьеве]]></title>
  <text verify="true" type="str" auto="true"><![CDATA[Авиакомпания Air Astana опровергла сообщения об аварийной посадке своего борта в Шереметьеве. Посадка самолета, выполнявшего рейс из Нур-Султана, происходила в штатном режиме, передает РИА Новости со ссылкой на авиакомпанию.
Для обеспечения более длинного тормозного пути командир самолета запросил полную посадочную полосу. Никакой аварийной посадки не объявлялось. Самолет, выполнявший рейс КС873 Нур-Султан – Москва, задержался на 40 минут, так как на его борту был найден "приемлемый отложенный дефект, позволяющий дальнейшую эксплуатацию", сообщили в компании.]]></text>
</doc>
