<?xml version='1.0' encoding='UTF-8'?>
<doc>
  <source><![CDATA[https://www.vesti.ru/doc.html?id=3150121&cid=8]]></source>
  <category verify="true" type="list" auto="true">
    <item type="str"><![CDATA[Новости]]></item>
    <item type="str"><![CDATA[Происшествия]]></item>
    <item type="str"><![CDATA[Все видео этой рубрики]]></item>
  </category>
  <title verify="true" type="str" auto="true"><![CDATA[Столкновение банд в Мексике девять человек погибли, четверо ранены]]></title>
  <text verify="true" type="str" auto="true"><![CDATA[В Мексике в районе города Уруапан произошло столкновение двух противоборствующих преступных группировок. В результате боя погибли девять человек и получили ранения четверо. Такие данные СМИ сообщили представители генеральной прокуратуры штата Мичоакан.
Как уточняется, на месте битвы правоохранители обнаружили раненых тела погибших, а также крупнокалиберное оружие, официально находящееся в пользовании лишь армии Мексики.
Сейчас полиция выясняет обстоятельства столкновения, сообщает РИА Новости.
В последнее время Мексику захлестнула волна преступности, вызванная в том числе противоборством наркокартелей за контроль над транзитом кокаина в США. По итогам 2018 года министерство безопасности страны сообщало об убийстве более чем 33,34 тысячи человек. Данный показатель побил рекорд 2017 года – тогда было совершено 31,2 тысячи убийств.]]></text>
</doc>
