<?xml version='1.0' encoding='UTF-8'?>
<doc>
  <source><![CDATA[https://www.vesti.ru/doc.html?id=3150535&cid=680]]></source>
  <category verify="true" type="list" auto="true">
    <item type="str"><![CDATA[Новости]]></item>
    <item type="str"><![CDATA[Спорт]]></item>
    <item type="str"><![CDATA[Все видео этой рубрики]]></item>
  </category>
  <title verify="true" type="str" auto="true"><![CDATA[Бенедетти победил на очередном этапе многодневки Джиро д'Италия]]></title>
  <text verify="true" type="str" auto="true"><![CDATA[Итальянский велогонщик Чезаре Бенедетти из команды Bora-Hansgrohe стал победителем 12-го этапа престижной шоссейной многодневной гонки "Джиро д'Италия". Спортсмен преодолел дистанцию 158 км за 3 часа 41 минуту 49 секунд.
Вторым к финишу приехал его соотечественник Дамиано Карузо, представляющий Bahrain-Merida. Третье место досталось ирландцу Эдварду Данбару из Ineos.
Лучшим из россиян оказался Павел Сиваков (Ineos), расположившийся на 22-й позиции. Российские велогонщики Ильнур Закарин, Вячеслав Кузнецов и Дмитрий Страхов, выступающие за команду "Катюша-Альпецин", заняли соответственно 30-е, 126-е и 150-е места.
В общем зачете продолжает лидировать словенец Ян Поланц из команды UAE Team Emirates (48,49.40). Следом за ним расположился словенец Примож Роглич (Jumbo-Visma; +4.07). Третьим идет итальянец Валерио Конти (UAE Team Emirates; +4.51). Лучший из россиян Закарин занимает 12-е место.]]></text>
</doc>
