<?xml version='1.0' encoding='UTF-8'?>
<doc>
  <source><![CDATA[https://www.vesti.ru/doc.html?id=3150335&cid=8]]></source>
  <category verify="true" type="list" auto="true">
    <item type="str"><![CDATA[Новости]]></item>
    <item type="str"><![CDATA[Происшествия]]></item>
    <item type="str"><![CDATA[Все видео этой рубрики]]></item>
  </category>
  <title verify="true" type="str" auto="true"><![CDATA[Бешеный барсук покусал мужчину в Уфе и закончил жизнь под медным тазом]]></title>
  <text verify="true" type="str" auto="true"><![CDATA[Дикий барсук пробрался в веломагазин в Уфе и попытался "навести порядок" в подсобном помещении, но столкнулся с непониманием со стороны владельца торговой точки. Мужчина бросился защищать имущество и выпроваживать незваного гостя, но в итоге пострадал от его зубов.
  "Ко мне забежал какой-то полуенот-полумуравьед", — рассказал ГТРК "Башкортостан" Денис Сильванович.
Самостоятельно справиться со зверем он не смог — тот проявлял чудеса акробатики, а потому призвал на помощь специалистов. Но и тем не удалось сразу поймать барсука, более того, уворачиваясь от ловцов, животное врезалось в Дениса и укусило его за ногу.
В конце концов хищника накрыли медным тазом, под ним он вскоре и скончался. Экспертиза подтвердила опасения специалистов — у зверя был вирус бешенства, так что Денису пришлось обращаться за помощью к врачам.]]></text>
</doc>
