<?xml version='1.0' encoding='UTF-8'?>
<doc>
  <source><![CDATA[https://www.vesti.ru/doc.html?id=3147965&cid=680]]></source>
  <category verify="true" type="list" auto="true">
    <item type="str"><![CDATA[Новости]]></item>
    <item type="str"><![CDATA[Спорт]]></item>
    <item type="str"><![CDATA[Все видео этой рубрики]]></item>
  </category>
  <title verify="true" type="str" auto="true"><![CDATA[Российский тхэквондист Денисенко взял бронзу чемпионата мира]]></title>
  <text verify="true" type="str" auto="true"><![CDATA[В Манчестере продолжается чемпионат мира по тхэквондо. Россиянин Алексей Денисенко стал обладателем бронзовой медали в весовой категории до 68 кг. В полуфинале он проиграл испанцу Хавьеру Пересу Поло со счетом 6:12. Третье место Денисенко разделил с представителем Южной Кореи Ли Дэ Хуном.
Еще один россиянин Георгий Попов сумел пробиться в финал соревнований в весовой категории до 54 кг. В полуфинальном поединке он нанес поражение иранцу Армину Хадипуру со счетом 20:14.
В финале соперником российского тхэквондиста будет Пэ Чжун Со из Южной Кореи.]]></text>
</doc>
