<?xml version='1.0' encoding='UTF-8'?>
<doc>
  <source><![CDATA[https://www.vesti.ru/doc.html?id=3150545&cid=680]]></source>
  <category verify="true" type="list" auto="true">
    <item type="str"><![CDATA[Новости]]></item>
    <item type="str"><![CDATA[Спорт]]></item>
    <item type="str"><![CDATA[Все видео этой рубрики]]></item>
  </category>
  <title verify="true" type="str" auto="true"><![CDATA[Российские волейболистки потерпели второе поражение в Лиге наций]]></title>
  <text verify="true" type="str" auto="true"><![CDATA[Женская сборная России потерпела второе поражение на предварительном этапе Лиги наций, который проходит в Бразилии. Российские волейболистки не смогли ничего противопоставить хозяйками турнира, уступив бразильянкам в трех партиях со счетом 15:25, 17:25, 14:25.
Следующая встреча россиянок в Лиге наций, выступающих в экспериментальном составе, состоится 28 мая. Соперницами нашей команды станут немецкие волейболистки.
Ранее на турнире сборная России уступила оппоненткам из Доминиканской Республики, а также взяла верх над китаянками.]]></text>
</doc>
