<?xml version='1.0' encoding='UTF-8'?>
<doc>
  <source><![CDATA[https://www.vesti.ru/doc.html?id=3149893&cid=7]]></source>
  <category verify="true" type="list" auto="true">
    <item type="str"><![CDATA[Новости]]></item>
    <item type="str"><![CDATA[Общество]]></item>
    <item type="str"><![CDATA[Все видео этой рубрики]]></item>
  </category>
  <title verify="true" type="str" auto="true"><![CDATA[Иностранцы смогут служить в российской армии по контракту, но только один раз]]></title>
  <text verify="true" type="str" auto="true"><![CDATA[Иностранные граждане, которые законно находятся на территории России, смогут поступить на контрактную службу в вооруженные силы РФ, однако только один раз. Заключить новый договор они смогут только если получат российское гражданство, соответственный закон одобрил Совет Федерации.
Как отмечает агентство ТАСС, ранее закон также разрешал иностранцам в возрасте от 18 до 30 лет служить в российской армии, но по истечении срока действия одного контракта, они могли заключать новый. Теперь для этого нужен паспорт РФ.
На сегодняшний день требования к желающим служить в армии России по контракту следующие: возраст от 19 до 35 лет, среднее образование, физическая подготовка и хорошее здоровье.]]></text>
</doc>
