<?xml version='1.0' encoding='UTF-8'?>
<doc>
  <source><![CDATA[https://www.vesti.ru/doc.html?id=3147969&cid=8]]></source>
  <category verify="true" type="list" auto="true">
    <item type="str"><![CDATA[Новости]]></item>
    <item type="str"><![CDATA[Происшествия]]></item>
    <item type="str"><![CDATA[Все видео этой рубрики]]></item>
  </category>
  <title verify="true" type="str" auto="true"><![CDATA[Boeing обновил программное обеспечение для лайнеров 737 MAX]]></title>
  <text verify="true" type="str" auto="true"><![CDATA[Компания Boeing сообщила о завершении обновления программного обеспечения для системы MCAS (коррекция маневрирования) на лайнерах 737 MAX 8. Предполагается, что именно сбой в этой системе вызвал крушение двух самолетов данной модификации.
Самолеты с модифицированной системой MCAS провели в воздухе 360 часов, совершив 207 полетов, передает РИА Новости со ссылкой на заявление корпорации.
Федеральное управление гражданской авиации США получит от Boeing дополнительную информацию. После этого стороны договорятся о сертификационном полете лайнера с обновленным программным обеспечением.
В ноябре 2018 года разбился Boeing 737 MAX, принадлежащий индонезийской компании Lion Air. Вторая катастрофа с участием 737 MAX произошла в марте 2019 года в небе над Эфиопией. После этого около 20 стран закрыли небо для самолетов данной модели.]]></text>
</doc>
