<?xml version='1.0' encoding='UTF-8'?>
<doc>
  <source><![CDATA[https://www.vesti.ru/doc.html?id=3149821&cid=9]]></source>
  <category verify="true" type="list" auto="true">
    <item type="str"><![CDATA[Новости]]></item>
    <item type="str"><![CDATA[В мире]]></item>
    <item type="str"><![CDATA[Все видео этой рубрики]]></item>
  </category>
  <title verify="true" type="str" auto="true"><![CDATA[Зеленскому неудобно в кресле Порошенко]]></title>
  <text verify="true" type="str" auto="true"><![CDATA[Въезжая в свой кабинет новый президент Украины Владимир Зеленский был разочарован рабочим местом главы государства. Его раздражение вызвало кресло, которым до него пользовался Петр Порошенко, передает ТАСС.
Первой его реакцией стали слова: "Неудобно". В среду команда Зеленского обнародовала видео от первого лица о том, как проходил первый рабочий день президента.
На кадрах перед инаугурацией Зеленскому задали вопрос о том, как быть президентом и оставаться человеком. "Пока все идет правильно", — ответил он.
Владимир Зеленский вступил в должность президента Украины 20 мая. Он неоднократно говорил о необходимости переноса администрации президента из здания на улице Банковая в центре Киева в другое место, где можно будет создать открытое рабочее пространство вместо кабинетной системы.]]></text>
</doc>
