<?xml version='1.0' encoding='UTF-8'?>
<doc>
  <source><![CDATA[https://www.vesti.ru/doc.html?id=3150076&cid=9]]></source>
  <category verify="true" type="list" auto="true">
    <item type="str"><![CDATA[Новости]]></item>
    <item type="str"><![CDATA[В мире]]></item>
    <item type="str"><![CDATA[Все видео этой рубрики]]></item>
  </category>
  <title verify="true" type="str" auto="true"><![CDATA[В коллекциях Prada больше не будет натурального меха]]></title>
  <text verify="true" type="str" auto="true"><![CDATA[Итальянский модный дом Prada принял решение отказаться от использования натурального меха в своих коллекциях одежды. Соответствующее заявление размещено на официальной странице компании в Facebook.
"Prada объявил при сотрудничестве с Всемирным альянсом против мехов, что он больше не будет использовать мех животных в своих моделях или новых изделиях, начиная с женской коллекции весна-лето 2020", — указывается в заявлении.
Первая такая женская коллекция будет представлена в сентябре в рамках недели моды в Милане.
Ранее об отказе меха животных объявили модные бренды Michael Kors, Giorgio Armani, Calvin Klein, Hugo Boss, Ralph Lauren, Gucci, Versace, Chanel.]]></text>
</doc>
