<?xml version='1.0' encoding='UTF-8'?>
<doc>
  <source><![CDATA[https://www.vesti.ru/doc.html?id=3150865&cid=680]]></source>
  <category verify="true" type="list" auto="true">
    <item type="str"><![CDATA[Новости]]></item>
    <item type="str"><![CDATA[Спорт]]></item>
    <item type="str"><![CDATA[Все видео этой рубрики]]></item>
  </category>
  <title verify="true" type="str" auto="true"><![CDATA[Димитрис Прифтис ожидаем еще более тяжелую игру с Химками]]></title>
  <text verify="true" type="str" auto="true"><![CDATA[Во втором матче полуфинальной серии Единой лиги ВТБ казанский УНИКС примет подмосковные "Химки". Главный тренер казанцев Димитрис Прифтис поделился ожиданиями от матча с химчанами.
"Мы ожидаем еще более тяжелую игру, потому что "Химки" очень талантливая команда, которая играет очень разнообразно и при этом забивает, – заявил Прифтис, слова которого приводит пресс-служба УНИКСа. – Мы должны контролировать их игру, трехочковые броски, что не очень просто".
Напомним, первая игра серии завершилась победой УНИКСа со счетом 96:91. Вторая игра противостояния состоится в пятницу, 24 мая и пройдет также в Казани, начало – в 19:00 по московскому времени.]]></text>
</doc>
