<?xml version='1.0' encoding='UTF-8'?>
<doc>
  <source><![CDATA[https://www.vesti.ru/doc.html?id=3150118&cid=680]]></source>
  <category verify="true" type="list" auto="true">
    <item type="str"><![CDATA[Новости]]></item>
    <item type="str"><![CDATA[Спорт]]></item>
    <item type="str"><![CDATA[Все видео этой рубрики]]></item>
  </category>
  <title verify="true" type="str" auto="true"><![CDATA[Хосеп Гвардиола близок к переезду из Манчестера в Турин]]></title>
  <text verify="true" type="str" auto="true"><![CDATA[Главный тренер английского "Манчестер Сити" Хосеп Гвардиола в предстоящее межсезонье может покинуть клуб. Руководители туринского "Ювентуса" хотят видеть испанского специалиста у руля своей команды.
Боссы "Старой синьоры" уже достигли с Гвардиолой предварительного соглашения о сотрудничестве, сообщает "Советский спорт" со ссылкой на журналиста Radio Sportiva Федеркио Дженнарелли. Ожидается, что стороны подпишут договор сроком на четыре сезона.
Ранее в "Ювентусе" сообщили о том, что пост наставника команды покидает итальянский специалист Массимилиано Аллегри. Под его руководством туринцы выиграл пять "скудетто", четыре Кубка Италии и два Суперкубка страны.
На его кресло претендуют Симоне Индзаги, Дидье Дешам, Маурисио Почеттино, а сам Гвардиола накануне сообщил о том, что не собирается возглавлять "Ювентус". Испанский наставник уверяет, что он продолжит работу в "Сити".]]></text>
</doc>
