<?xml version='1.0' encoding='UTF-8'?>
<doc>
  <source><![CDATA[https://www.vesti.ru/doc.html?id=3147978&cid=8]]></source>
  <category verify="true" type="list" auto="true">
    <item type="str"><![CDATA[Новости]]></item>
    <item type="str"><![CDATA[Происшествия]]></item>
    <item type="str"><![CDATA[Все видео этой рубрики]]></item>
  </category>
  <title verify="true" type="str" auto="true"><![CDATA[Террористы готовят провокацию в провинции Идлиб]]></title>
  <text verify="true" type="str" auto="true"><![CDATA[В ночь на 17 мая в российский Центр примирения враждующих сторон в Сирии поступила информация о подготовке провокации террористами "Джабхат ан-Нусра" (запрещена в РФ) в провинции Идлиб.
По словам жителей населенного пункта Серакаб, в районе данного населенного пункта боевики готовят провокацию с использованием отравляющих химических веществ, а также доставленных из других районов Сирии обломков российских авиационных фугасных боеприпасов. Целью провокации является обвинение ВКС России в якобы применении "химического оружия" против мирного населения провинции Идлиб.
Имитацию якобы "отравления" сирийцев рядом с осколками авиационных боеприпасов планируется снять на видео, чтобы распространить данные съемки в социальных сетях и западных СМИ, передает телеканал "Россия 24".
Полученная Центром примирения враждующих сторон информация от жителей Серакаба в ходе проверки получила подтверждение по другому независимому каналу. Российский Центр примирения враждующих сторон в Сирии продолжает мониторинг обстановки на территории зоны деэскалации Идлиб и в прилегающих районах Сирийской Арабской Республики.]]></text>
</doc>
