<?xml version='1.0' encoding='UTF-8'?>
<doc>
  <source><![CDATA[https://www.vesti.ru/doc.html?id=3147970&cid=5]]></source>
  <category verify="true" type="list" auto="true">
    <item type="str"><![CDATA[Новости]]></item>
    <item type="str"><![CDATA[Политика]]></item>
    <item type="str"><![CDATA[Все видео этой рубрики]]></item>
  </category>
  <title verify="true" type="str" auto="true"><![CDATA[Россия ответит на принятые в США санкции по закону Магнитского]]></title>
  <text verify="true" type="str" auto="true"><![CDATA[В связи с новыми санкциями США, которые были введены на основании акта Магнитского, Российская Федерация примет ответные меры. Об этом говорится в заявлении посольства РФ в Соединенных Штатах.
Как отмечается в сообщении, Россия всегда отмечала, что это не ее выбор отвечать подобным образом. "Мы стремимся сотрудничать с США в долгосрочной перспективе. Мы готовы к этому и считаем, что это правильный вариант, — заявляют дипломаты.
Посольство РФ подчеркивает, что эти неконструктивные решения идут вразрез с позитивным прогнозом недавних переговоров России и США в Сочи.
Власти Соединенных Штатов Америки в рамках действия акта Магнитского внесли в санкционные списки пять граждан России и специальный отряд быстрого реагирования "Терек" из Чеченской Республики.
16 мая Рамзан Кадыров заявил СМИ, что авторов санкционного списка бойцов СОБР "Терек" включат в аналогичные черные списки Чечни, передает ТАСС.]]></text>
</doc>
