<?xml version='1.0' encoding='UTF-8'?>
<doc>
  <source><![CDATA[https://www.vesti.ru/doc.html?id=3150023&cid=8]]></source>
  <category verify="true" type="list" auto="true">
    <item type="str"><![CDATA[Новости]]></item>
    <item type="str"><![CDATA[Происшествия]]></item>
    <item type="str"><![CDATA[Все видео этой рубрики]]></item>
  </category>
  <title verify="true" type="str" auto="true"><![CDATA[ДТП под Сиеной посольство России в Италии привело официальные данные]]></title>
  <text verify="true" type="str" auto="true"><![CDATA[В результате опрокидывания туристического автобуса в Италии погиб один человек — это гражданка России. Среди пострадавших пассажиров есть еще 19 россиян, сообщили ТАСС в посольстве РФ в Италии.
При этом дипломаты не смогли подтвердить род деятельности погибшей. Итальянские СМИ ранее сообщали, что она сопровождала группу туристов в качестве гида.
Авария произошла сегодня утром в районе города Монтериджиони на трассе, которая соединяет Сиену с Флоренцией. По предварительной версии, водитель не справился с управлением, налетел на отбойник, после чего автобус вылетел с дороги и упал в овраг. Несколько человек оказались заблокированы в салоне. В результате ДТП пострадали 37 человек. В настоящее время медики борются за жизнь четверых туристов, которые получили серьезные травмы.
По некоторым данным, вместе с россиянами в автобусе ехали граждане Армении, Казахстана, Украины, Белоруссии, Молдавии и Румынии. Все туристы приобрели туры в разных компаниях. Кто являлся организатором поездки, сейчас выясняется.]]></text>
</doc>
