<?xml version='1.0' encoding='UTF-8'?>
<doc>
  <source><![CDATA[https://www.vesti.ru/doc.html?id=3149870&cid=7]]></source>
  <category verify="true" type="list" auto="true">
    <item type="str"><![CDATA[Новости]]></item>
    <item type="str"><![CDATA[Общество]]></item>
    <item type="str"><![CDATA[Все видео этой рубрики]]></item>
  </category>
  <title verify="true" type="str" auto="true"><![CDATA[Полпред президента количество преступлений в войсках ЗВО подскочило почти на четверть]]></title>
  <text verify="true" type="str" auto="true"><![CDATA[В 2018 году количество преступлений в Западном военном округе выросло на 20%, если сравнивать с предыдущим годом. Состояние дисциплины и правопорядка в подразделениях ЗВО вызывает опасения, заявил полномочный представитель президента России в Северо-Западном федеральном округе Александр Гуцан.
Особенно тяжелая ситуация на Балтийском флоте и в 6-й армии ВВС и ПВО. Там отмечается рост преступности на 40%, цитирует чиновника агентство ТАСС.
Что касается конкретных нарушений закона, то воровство, мошенничество, вымогательство или уничтожение имущества стали встречаться чаще на 32%. Злоупотреблений полномочиями, растрата, взяточничество — около 30%. Число нарушений правил дорожного движения подскочило в два с половиной раза.
Отдельно Гуцан остановился на коррупции. По его данным, в 2018 году выявлено 11 тысяч подобных преступлений. Полпред уверен, что все это отрицательно влияет на морально-психологическое состояние бойцов и подрывает обороноспособность страны.]]></text>
</doc>
