<?xml version='1.0' encoding='UTF-8'?>
<doc>
  <source><![CDATA[https://www.vesti.ru/doc.html?id=3148077&cid=8]]></source>
  <category verify="true" type="list" auto="true">
    <item type="str"><![CDATA[Новости]]></item>
    <item type="str"><![CDATA[Происшествия]]></item>
    <item type="str"><![CDATA[Все видео этой рубрики]]></item>
  </category>
  <title verify="true" type="str" auto="true"><![CDATA[Ты палку подними охранник не пустил в больницу скорую с пациентом]]></title>
  <text verify="true" type="str" auto="true"><![CDATA[В Горно-Алтайске охранник не пустил в больницу карету скорой помощи с пациентом: молодой человек на пропускном пункте потребовал у медиков документы, однако свое удостоверение продемонстрировать отказался.
Спор между бригадой врачей и охранником затянулся на несколько минут, при этом стороны совместно читали инструкции по пропуску на территорию больницы и выясняли отношения, переходя на личности.
  Сообщается, что охранник использовал в своей речи нецензурную брань. Медики, в свою очередь, тоже не особенно с ним любезничали. "Ты палку подними!" — требовали они, имея в виду шлагбаум.
В итоге скорая все же проехала и доставила в больницу пациента. К настоящему времени, как сообщает издание "Новости Горного Алтая", упрямый охранник уволен.]]></text>
</doc>
