<?xml version='1.0' encoding='UTF-8'?>
<doc>
  <source><![CDATA[https://www.vesti.ru/doc.html?id=3149717&cid=9]]></source>
  <category verify="true" type="list" auto="true">
    <item type="str"><![CDATA[Новости]]></item>
    <item type="str"><![CDATA[В мире]]></item>
    <item type="str"><![CDATA[Все видео этой рубрики]]></item>
  </category>
  <title verify="true" type="str" auto="true"><![CDATA[На США обрушилось несколько мощных торнадо]]></title>
  <text verify="true" type="str" auto="true"><![CDATA[19 вихрей торнадо обрушились на пять американских штатов. Больше всего от удара стихии досталось Оклахоме и Канзасу — здесь метеорологи объявили о самом высоком уровне угрозы за последние годы, а также предупредили об угрозе наводнения. В зоне риска остается более 6 миллионов человек, сообщает телеканал "Россия 24".]]></text>
</doc>
