<?xml version='1.0' encoding='UTF-8'?>
<doc>
  <source><![CDATA[https://www.vesti.ru/doc.html?id=3150811&cid=9]]></source>
  <category verify="true" type="list" auto="true">
    <item type="str"><![CDATA[Новости]]></item>
    <item type="str"><![CDATA[В мире]]></item>
    <item type="str"><![CDATA[Все видео этой рубрики]]></item>
  </category>
  <title verify="true" type="str" auto="true"><![CDATA[Филарет отказался признавать единство ПЦУ]]></title>
  <text verify="true" type="str" auto="true"><![CDATA[Экс-глава неканонической церковной структуры на Украине, раскольник Филарет (Денисенко) отказался подписать устав "новой церкви".
Как передает РИА Новости, об этом международную общественность проинформировал предстоятель так называемой Православной церкви Украины (ПЦУ) Епифаний (Думенко).
Он подчеркнул, что члены "синода" пытались убедить Филарета в том, что юридически и фактически уже не существует его неканонической Украинской православной церкви Киевского патриархата, но не смогли переубедить Денисенко.
Ранее Филарет заявил, что ни за чтобы не согласился на томос об автокефалии для ПЦУ, если бы знал его кабальные условия, а также сообщил, что Думенко не является независимым от Константинопольского патриархата предстоятелем.
В ответ Епифаний сообщил, что в ПЦУ нет раскола и созвал 24 мая "Священный синод", чтобы обсудить создавшуюся ситуацию.
6 января 2019 года Константинопольский патриарх передал главе так называемой Православной церкви Украины митрополиту Епифанию томос об автокефалии. ПЦУ образовалась 15 декабря 2018 года в Киеве на "объединительном соборе", где две раскольнические организации — Киевский патриархат во главе с Филаретом и Украинская автокефальная православная церковь Макария (Малетича) – объявили о слиянии в единую организацию.
РПЦ считает и томос об автокефалии, и "объединительный собор" в Киеве канонически ничтожными.]]></text>
</doc>
