<?xml version='1.0' encoding='UTF-8'?>
<doc>
  <source><![CDATA[https://www.vesti.ru/doc.html?id=3150097&cid=7]]></source>
  <category verify="true" type="list" auto="true">
    <item type="str"><![CDATA[Новости]]></item>
    <item type="str"><![CDATA[Общество]]></item>
    <item type="str"><![CDATA[Все видео этой рубрики]]></item>
  </category>
  <title verify="true" type="str" auto="true"><![CDATA[В сирийской Хаме беспилотник террористов атаковал электростанцию]]></title>
  <text verify="true" type="str" auto="true"><![CDATA[В среду, 22 мая, в сирийской провинции Хама террористы атаковали электростанцию с помощью беспилотного летательного аппарата. О происшествии сообщило государственное телевидение Сирии.
Как уточняется, беспилотник атаковал электростанцию в эз-Заре. Ее оборудованию и технике был нанесен значительный материальный ущерб.
В настоящее время в районе города Кафр-Набуда идут ожесточенные бои с использованием авиации между правительственной армией САР и террористами, передает РИА Новости.
Министерство обороны России сообщило, что с утра 22 мая Вооруженные силы Сирии отразили уже три атаки боевиков террористической группировки "Джебхат ан-Нусра" (запрещена в РФ) на Кафр-Набуда. В атаках участвовали порядка 500 боевиков. С вечера 21 мая в Идлибской зоне деэскалации боевики "Джебхат ан-Нусры" осуществляют массированные атаки на войска Сирии, используя технику и РСЗО.]]></text>
</doc>
