<?xml version='1.0' encoding='UTF-8'?>
<doc>
  <source><![CDATA[https://www.vesti.ru/doc.html?id=3147976&cid=680]]></source>
  <category verify="true" type="list" auto="true">
    <item type="str"><![CDATA[Новости]]></item>
    <item type="str"><![CDATA[Спорт]]></item>
    <item type="str"><![CDATA[Все видео этой рубрики]]></item>
  </category>
  <title verify="true" type="str" auto="true"><![CDATA[Бостон стал первым финалистом Кубка Стэнли]]></title>
  <text verify="true" type="str" auto="true"><![CDATA[В столице американского штата Северная Каролина Роли завершилась четвертая игра серии полуфинала Кубка Стэнли между местными "Харрикейнз" и "Бостон Брюинз". Гости добились победы со счетом 4:0 и первыми вышли в финал турнира.
В составе победителей дубль оформил Патрис Бержерон. Также отличились Давид Пастерняк и Брэд Маршан.
"Бостон" победил "Каролину" в серии до четырех побед со счетом 4:0. Другой финалист турнира определится в противостоянии между "Сан-Хосе Шаркс" и "Сент-Луис Блюз". Напомним, что финал Кубка Стэнли стартует 26 мая.]]></text>
</doc>
