<?xml version='1.0' encoding='UTF-8'?>
<doc>
  <source><![CDATA[https://www.vesti.ru/doc.html?id=3148095&cid=8]]></source>
  <category verify="true" type="list" auto="true">
    <item type="str"><![CDATA[Новости]]></item>
    <item type="str"><![CDATA[Происшествия]]></item>
    <item type="str"><![CDATA[Все видео этой рубрики]]></item>
  </category>
  <title verify="true" type="str" auto="true"><![CDATA[Из РУДН эвакуировали 1500 человек из-за пожара]]></title>
  <text verify="true" type="str" auto="true"><![CDATA[Шестнадцать пожарных машин прибыли к зданию Российского университета дружбы народов на улице Миклухо-Маклая в Москве, где в подвале произошло короткое замыкание. Из аудиторий эвакуировали около 1500 человек, студенты сняли на видео обстановку рядом с РУДН.
  По предварительным данным, в результате ЧП никто не пострадал, хотя многие студенты не сразу покинули здание, так как приняли пожарную тревогу за учебную — в университете в последние дни проходило несколько учебных эвакуаций.
На сделанных кадрах не видно дыма из подвала, о котором первоначально сообщали очевидцы. Сотрудники экстренных служб уточнили, что после короткого замыкания возникло небольшое возгорание, которое было быстро потушено.]]></text>
</doc>
