<?xml version='1.0' encoding='UTF-8'?>
<doc>
  <source><![CDATA[https://www.vesti.ru/doc.html?id=3150830&cid=680]]></source>
  <category verify="true" type="list" auto="true">
    <item type="str"><![CDATA[Новости]]></item>
    <item type="str"><![CDATA[Спорт]]></item>
    <item type="str"><![CDATA[Все видео этой рубрики]]></item>
  </category>
  <title verify="true" type="str" auto="true"><![CDATA[Ястремская обыграла Соболенко и вышла в финал турнира в Страсбурге]]></title>
  <text verify="true" type="str" auto="true"><![CDATA[Украинская теннисистка, 42-я ракетка мира Даяна Ястремская в полуфинале турнира во французском Страсбурге в двух сетах за один час 26 минут обыграла представительницу Белоруссии Арину Соболенко со счетом 6:4, 6:4.
Украинка дважды подала навылет, допустила две двойные ошибки и реализовала три брейк-пойнта из девяти, а у Соболенко, занимающей 11-е место в рейтинге WTA, пять эйсов, девять двойных ошибок и один реализованный брейк из трех.
Таким образом, Ястремская вышла в финал турнира, где сыграет с победительницей противостояния двух француженок Хлоэ Паке (223) – Каролин Гарсия (24).]]></text>
</doc>
