<?xml version='1.0' encoding='UTF-8'?>
<doc>
  <source><![CDATA[https://www.vesti.ru/doc.html?id=3150038&cid=7]]></source>
  <category verify="true" type="list" auto="true">
    <item type="str"><![CDATA[Новости]]></item>
    <item type="str"><![CDATA[Общество]]></item>
    <item type="str"><![CDATA[Все видео этой рубрики]]></item>
  </category>
  <title verify="true" type="str" auto="true"><![CDATA[Москвич обнаружил в квартире умершей тещи арсенал оружия]]></title>
  <text verify="true" type="str" auto="true"><![CDATA[Родственник недавно умершей пенсионерки обнаружил, что она хранила в своей квартире в центре Москвы раритетный пистолет фирмы "Браунинг", два ружья и большое количество патронов к этому оружию.
Как передает ТАСС, об этом общественность проинформировал источник в правоохранительных органах столицы.
По словам собеседника агентства, в полицию с заявлением обратился мужчина, который сообщил, что обнаружил в квартире умершей в январе 2019 года тещи небольшой арсенал.
Прибывшие по вызову стражи порядка обнаружили в квартире на улице Заморенова пистолет "Браунинг" образца 1900 года выпуска, 14 патронов к нему калибра 7,65 мм, ружье ТОЗ и 194 патрона к нему калибра 5,6 мм, а также гладкоствольное ружье неустановленного типа.
Экспертиза изъятого оружия показала, что стволы вполне пригодны для стрельбы. По факту обнаружения пистолета и ружей назначена доследственная проверка.]]></text>
</doc>
