<?xml version='1.0' encoding='UTF-8'?>
<doc>
  <source><![CDATA[https://www.vesti.ru/doc.html?id=3150262&cid=460]]></source>
  <category verify="true" type="list" auto="true">
    <item type="str"><![CDATA[Новости]]></item>
    <item type="str"><![CDATA[Культура]]></item>
    <item type="str"><![CDATA[Все видео этой рубрики]]></item>
  </category>
  <title verify="true" type="str" auto="true"><![CDATA[Новый фильм Федора Бондарчука Вторжение премьера трейлера и постера]]></title>
  <text verify="true" type="str" auto="true"><![CDATA[В Сети появились первые тизер-трейлер и тизер-постер нового фильма Федора Бондарчука "Вторжение". Картина выйдет в широкий российский прокат 1 января 2020 года.
По сюжету события происходят через три года после падения инопланетного корабля в московском Чертанове. Обычная девушка Юля, вступившая в контакт с внеземными технологиями, становится объектом исследования в засекреченных лабораториях Минобороны. В ходе изучения Юля проявляет необычные способности. Скрытая в ней сила привлекает внимание не только людей – она несет угрозу вселенского масштаба.
Фильм снят при поддержке канала "Россия 1". Главные роли в картине исполнят Ирина Старшенбаум, Риналь Мухаметов, Александр Петров, Юрий Борисов, Сергей Гармаш и Олег Меньшиков.]]></text>
</doc>
