<?xml version='1.0' encoding='UTF-8'?>
<doc>
  <source><![CDATA[https://www.vesti.ru/doc.html?id=3148277&cid=5]]></source>
  <category verify="true" type="list" auto="true">
    <item type="str"><![CDATA[Новости]]></item>
    <item type="str"><![CDATA[Политика]]></item>
    <item type="str"><![CDATA[Все видео этой рубрики]]></item>
  </category>
  <title verify="true" type="str" auto="true"><![CDATA[Наконец-то это случилось! Пономарев стал украинцем]]></title>
  <text verify="true" type="str" auto="true"><![CDATA[Президент Украины Петр Порошенко предоставил украинское гражданство бывшему депутату Госдумы РФ Илье Пономареву.
Об этом бывший российский парламентарий на украинском языке написал на своей странице в Facebook. Он известил мировую общественность, что Порошенко в один из последних дней на своем посту предоставил ему в соответствии с государственными интересами" гражданство Украины: "Наконец-то это случилось!".
43-летний Пономарев являлся депутатом Государственной думы России 5-го и 6-го созывов, членом фракции "Справедливая Россия".
В июне 2014 года покинул Россию и два года жил в США. 7 апреля 2015 года нижняя палата отечественного парламента по запросу Генеральной прокуратуры для расследования дела о растрате средств фонда "Сколково", лишила Пономарева депутатской неприкосновенности, а 16 октября 2015 года дала согласие на его заочный арест.
Следственный комитет России возбудил против политика уголовное дело, 17 июля 2015 года Пономарев был заочно арестован московским судом и объявлен в международный розыск. В июне 2016 года экс-депутат Госдумы получил вид на жительство на Украине.]]></text>
</doc>
