<?xml version='1.0' encoding='UTF-8'?>
<doc>
  <source><![CDATA[https://www.vesti.ru/doc.html?id=3149703&cid=680]]></source>
  <category verify="true" type="list" auto="true">
    <item type="str"><![CDATA[Новости]]></item>
    <item type="str"><![CDATA[Спорт]]></item>
    <item type="str"><![CDATA[Все видео этой рубрики]]></item>
  </category>
  <title verify="true" type="str" auto="true"><![CDATA[Илья Воробьев у сборной США хороший подбор игроков]]></title>
  <text verify="true" type="str" auto="true"><![CDATA[Главный тренер сборной России по хоккею Илья Воробьев после убедительной победы над командой Швеции (7:4) выразил свое мнение от предстоящем сопернике по 1/4 финала чемпионата мира – сборной США.
"Вышли на американских хоккеистов, значит сыграем с ними, — приводит слова Воробьева Спорт24.Ru. – За матчем Канада – США следили, но игрокам результат матча не говорили".
"Стоит посмотреть на состав американцев – у них очень хороший подбор игроков. Нам еще скауты расскажут, посмотрим игры. Такие молодые команда, как у них, нужно отрезать быстрым пасом. Быстрее паса никто не бегает".
Напомним, что Россия победой над Швецией венчала свои успешные выступления в групповом этапе мирового первенства, который прошла без поражений. Четвертьфинал чемпионата мира между Россией и США состоится 23 мая в Братиславе. Начало встречи – в 17:15 по московскому времени.]]></text>
</doc>
