<?xml version='1.0' encoding='UTF-8'?>
<doc>
  <source><![CDATA[https://www.vesti.ru/doc.html?id=3150524&cid=680]]></source>
  <category verify="true" type="list" auto="true">
    <item type="str"><![CDATA[Новости]]></item>
    <item type="str"><![CDATA[Спорт]]></item>
    <item type="str"><![CDATA[Все видео этой рубрики]]></item>
  </category>
  <title verify="true" type="str" auto="true"><![CDATA[Кудерметова не смогла выйти в полуфинал турнира в Нюрнберге]]></title>
  <text verify="true" type="str" auto="true"><![CDATA[Российская теннисистка Вероника Кудерметова зачехлила ракетку на стадии четвертьфинала турнира в немецком Нюрнберге, призовой фонд которого превышает 225 тысяч долларов. В борьбе за выход в полуфинал она не справилась с представительницей Словении Тамарой Зиданшек.
Соперницы провели на корте 2 часа 9 минут. Кудерметова уступила словенской теннисистке со счетом 4:6, 6:2, 3:6.
В следующем круге Зиданшек встретится с чешкой Катериной Синяковой, посеянной под вторым номером.]]></text>
</doc>
