<?xml version='1.0' encoding='UTF-8'?>
<doc>
  <source><![CDATA[https://www.vesti.ru/doc.html?id=3147955&cid=8]]></source>
  <category verify="true" type="list" auto="true">
    <item type="str"><![CDATA[Новости]]></item>
    <item type="str"><![CDATA[Происшествия]]></item>
    <item type="str"><![CDATA[Все видео этой рубрики]]></item>
  </category>
  <title verify="true" type="str" auto="true"><![CDATA[Москвичка бросила дочь в детской поликлинике]]></title>
  <text verify="true" type="str" auto="true"><![CDATA[Неизвестная женщина бросила маленькую девочку в поликлинике в центре Москвы. Оставив ребенка, она скрылась. Девочке на вид 2-3 года, уточняет ТАСС. За ней присматривают врачи.
Личность женщины и обстоятельства инцидента выясняются.]]></text>
</doc>
