<?xml version='1.0' encoding='UTF-8'?>
<doc>
  <source><![CDATA[https://www.vesti.ru/doc.html?id=3149698&cid=8]]></source>
  <category verify="true" type="list" auto="true">
    <item type="str"><![CDATA[Новости]]></item>
    <item type="str"><![CDATA[Происшествия]]></item>
    <item type="str"><![CDATA[Все видео этой рубрики]]></item>
  </category>
  <title verify="true" type="str" auto="true"><![CDATA[В Нигерии бандиты убили более 26 человек]]></title>
  <text verify="true" type="str" auto="true"><![CDATA[На севере Нигерии жертвами нападения бандитов стали более 26 человек. По данным местных СМИ, 11 человек были убиты в районе местного управления Фаскаре, еще пятеро — в районе Дан Муса. Также было совершено нападение на сельхозработников в районе Бастари, в результате чего 18 человек погибли, еще 10 пропали без вести.
Представитель командования местной полиции сообщил, что ведется расследование, сотрудники правоохранительных органов пытаются получить дополнительные сведения об совершенных атаках, передает РИА Новости.]]></text>
</doc>
