<?xml version='1.0' encoding='UTF-8'?>
<doc>
  <source><![CDATA[https://www.vesti.ru/doc.html?id=3148107&cid=8]]></source>
  <category verify="true" type="list" auto="true">
    <item type="str"><![CDATA[Новости]]></item>
    <item type="str"><![CDATA[Происшествия]]></item>
    <item type="str"><![CDATA[Все видео этой рубрики]]></item>
  </category>
  <title verify="true" type="str" auto="true"><![CDATA[Небольшой смерч на юго-востоке Петербурга сняли на видео]]></title>
  <text verify="true" type="str" auto="true"><![CDATA[Вчера на парковке перед торговым центром в Кудрово очевидцы наблюдали небольшой смерч.
  Редкое погодное явление было замечено 16 мая неподалеку от магазина IKEA.]]></text>
</doc>
