<?xml version='1.0' encoding='UTF-8'?>
<doc>
  <source><![CDATA[https://www.vesti.ru/doc.html?id=3150536&cid=8]]></source>
  <category verify="true" type="list" auto="true">
    <item type="str"><![CDATA[Новости]]></item>
    <item type="str"><![CDATA[Происшествия]]></item>
    <item type="str"><![CDATA[Все видео этой рубрики]]></item>
  </category>
  <title verify="true" type="str" auto="true"><![CDATA[Столичный метрополитен выставляет штраф изготовителю поезда, застрявшего на серой ветке]]></title>
  <text verify="true" type="str" auto="true"><![CDATA[В пресс-службе московского метрополитена заявили, что заводу-изготовителю поезда с пассажирами, застрявшего в тоннеле на Серпуховско-Тимирязевской линии столичной подземки вечером 23 мая, будет выставлен штраф в размере одного миллиона пятисот тысяч рублей.
Было установлено, что причиной остановки движения на северном участке серой ветки линии стала техническая неисправность состава, передает "Интерфакс".
Так как поезд находится на сервисном обслуживании у завода-производителя, то в соответствии с контрактом ему будут зачислены штрафы. АО "Метровагонмаш" уже подтвердил техническую неисправность состава.
В пресс-службе метро сообщили, что в тоннеле застряли три поезда с пассажирами. Но в установленное регламентом время удалось восстановить движение поездов и отправку пассажиров.]]></text>
</doc>
