<?xml version='1.0' encoding='UTF-8'?>
<doc>
  <source><![CDATA[https://www.vesti.ru/doc.html?id=3150758&cid=680]]></source>
  <category verify="true" type="list" auto="true">
    <item type="str"><![CDATA[Новости]]></item>
    <item type="str"><![CDATA[Спорт]]></item>
    <item type="str"><![CDATA[Все видео этой рубрики]]></item>
  </category>
  <title verify="true" type="str" auto="true"><![CDATA[Российские теннисистки Жук и Самсонова вышли в основную сетку Roland Garros]]></title>
  <text verify="true" type="str" auto="true"><![CDATA[Российская теннисистка, 169-я ракетка мира Софья Жук в финале квалификации Открытого чемпионата Франции в трех сетах за один час 57 минут обыграла представительницу Бельгии Гретье Миннен со счетом 6:2, 3:6, 6:3.
Россиянка единожды подала навылет, допустила пять двойных ошибок и реализовала четыре брейк-пойнта из 11, а у Миннен, занимающей 150-е место в рейтинге WTA, четыре эйса, шесть двойных ошибок и два реализованных брейка из восьми.
В параллельной игре еще одна россиянка Людмила Самсонова (161) в двух сетах за один час 17 минут переиграла чешку Марию Боузкову со счетом 6:4, 6:3.
Таким образом, Жук и Самсонова вышли основную сетку Открытого чемпионата Франции. Имена своих следующих соперниц россиянки узнают позднее.]]></text>
</doc>
