<?xml version='1.0' encoding='UTF-8'?>
<doc>
  <source><![CDATA[https://www.vesti.ru/doc.html?id=3148001&cid=7]]></source>
  <category verify="true" type="list" auto="true">
    <item type="str"><![CDATA[Новости]]></item>
    <item type="str"><![CDATA[Общество]]></item>
    <item type="str"><![CDATA[Все видео этой рубрики]]></item>
  </category>
  <title verify="true" type="str" auto="true"><![CDATA[Банковский кассир похитила из банкоматов 28 миллионов рублей]]></title>
  <text verify="true" type="str" auto="true"><![CDATA[Во Владивостоке прокуратура утвердила обвинительное заключение по делу о хищении 28 миллионов рублей кассиром банка, передает ТАСС.
По данным ведомства, женщина проработала более 10 лет в одном из крупных банков России в должности старшего кассира. Как выясняло следствие, при закладке купюр в кассеты для банкоматов, она умышленно не докладывала часть денег, присваивая их себе. Действуя подобным образом, в течение ноября 2018 года ей удалось похитить более 28 миллионов рублей.
Преступление удалось раскрыть службе безопасности банка, которая сразу обратилась в полицию. По факту кражи возбуждено уголовное дело.]]></text>
</doc>
