<?xml version='1.0' encoding='UTF-8'?>
<doc>
  <source><![CDATA[https://www.vesti.ru/doc.html?id=3148241&cid=8]]></source>
  <category verify="true" type="list" auto="true">
    <item type="str"><![CDATA[Новости]]></item>
    <item type="str"><![CDATA[Происшествия]]></item>
    <item type="str"><![CDATA[Все видео этой рубрики]]></item>
  </category>
  <title verify="true" type="str" auto="true"><![CDATA[В Петербурге задержаны два сотрудника Росимущества за махинации на 50 миллионов рублей]]></title>
  <text verify="true" type="str" auto="true"><![CDATA[Сотрудники петербургского Росимущества задержаны по подозрению в хищении леса на 50 миллионов рублей. В частности, задержан начальник отдела реализации арестованного и конфискованного имущества, а также его зам. В здании территориального управления Росимущества Петербурга и Ленинградской области прошли обыски.
По версии следствия, информирует ГТРК "Санкт-Петербург", в течение двух лет подозреваемые продавали древесину, вырубленную на земле, отведенной под газопроводы и линии электропередач. Все это происходило в Волосовском, Выборгском и Киришском районах Ленинградской области.
В настоящее время правоохранительные органы ищут доказательства преступления. В деле уже фигурирует по меньшей мере 13 эпизодов. Уголовный кодекс предусматривает наказание до 10 лет лишения свободы. Расследование продолжается.
Текст: ГТРК "Санкт-Петербург"]]></text>
</doc>
