<?xml version='1.0' encoding='UTF-8'?>
<doc>
  <source><![CDATA[https://www.vesti.ru/doc.html?id=3148114&cid=8]]></source>
  <category verify="true" type="list" auto="true">
    <item type="str"><![CDATA[Новости]]></item>
    <item type="str"><![CDATA[Происшествия]]></item>
    <item type="str"><![CDATA[Все видео этой рубрики]]></item>
  </category>
  <title verify="true" type="str" auto="true"><![CDATA[Грузовик снес надземный переход на трассе под Тюменью]]></title>
  <text verify="true" type="str" auto="true"><![CDATA[Днем в пятницу, 17 мая, на трассе в окрестностях Тюмени в районе населенного пункта Тураево произошло обрушение надземного пешеходного перехода.
  Как сообщают местные СМИ, переход рухнул после того, как в него врезался грузовик, перевозивший негабаритный груз.
По предварительной информации, в результате инцидента никто не пострадал.]]></text>
</doc>
