<?xml version='1.0' encoding='UTF-8'?>
<doc>
  <source><![CDATA[https://www.vesti.ru/doc.html?id=3148365&cid=6]]></source>
  <category verify="true" type="list" auto="true">
    <item type="str"><![CDATA[Новости]]></item>
    <item type="str"><![CDATA[Экономика]]></item>
    <item type="str"><![CDATA[Все видео этой рубрики]]></item>
  </category>
  <title verify="true" type="str" auto="true"><![CDATA[США решили отменить пошлины на алюминий и сталь из Канады и Мексики]]></title>
  <text verify="true" type="str" auto="true"><![CDATA[США согласились в течение 48 часов отменить введенные ранее пошлины на поставки стали и алюминия из Канады и Мексики в обмен на новые жесткие меры со стороны Мехико и Оттавы, которые направлены на предотвращение ввоза китайской стали в США с территорий соседних стран.
Как передает ТАСС, об этом мировую общественность проинформировала газета The Washington Post, ссылаясь на свои источники.
Тем временем премьер-министр Канады Джастин Трюдо с президентом США Дональдом Трампом по телефону тему американских пошлин на канадские сталь и алюминий, на отмене которых настаивает Оттава.
Как рассказали в пресс-службе Трюдо, оба собеседника также затронули вопрос отношений Канады и США с Китаем и предстоящую ратификацию нового Соглашения о североамериканской зоне свободной торговли.
По данным американских СМИ, обе страны близки к заключению договоренности об отмене американских пошлин на канадские сталь и алюминий.
1 июня 2018 года США ввели для защиты своего внутреннего рынка 25-процентные пошлины на ввоз стали и 10-процентные на ввоз алюминия из ЕС, Канады и Мексики.]]></text>
</doc>
