<?xml version='1.0' encoding='UTF-8'?>
<doc>
  <source><![CDATA[https://www.vesti.ru/doc.html?id=3150080&cid=8]]></source>
  <category verify="true" type="list" auto="true">
    <item type="str"><![CDATA[Новости]]></item>
    <item type="str"><![CDATA[Происшествия]]></item>
    <item type="str"><![CDATA[Все видео этой рубрики]]></item>
  </category>
  <title verify="true" type="str" auto="true"><![CDATA[Пять детей попали в больницу после взрыва газового баллона]]></title>
  <text verify="true" type="str" auto="true"><![CDATA[Пятеро детей попали в больницу после взрыва газового баллона в поселке Малышева Свердловской области.
Среди пострадавших один ребенок из восьмого класса, четыре — из девятого. Все дети госпитализированы в больницу Асбеста. Один ребенок получил сильные ожоги, сообщает ТАСС, ссылаясь на местную Единую дежурную диспетчерскую службу.]]></text>
</doc>
