<?xml version='1.0' encoding='UTF-8'?>
<doc>
  <source><![CDATA[https://www.vesti.ru/doc.html?id=3148097&cid=7]]></source>
  <category verify="true" type="list" auto="true">
    <item type="str"><![CDATA[Новости]]></item>
    <item type="str"><![CDATA[Общество]]></item>
    <item type="str"><![CDATA[Все видео этой рубрики]]></item>
  </category>
  <title verify="true" type="str" auto="true"><![CDATA[В Кузбассе разработают экологический стандарт для добычи угля]]></title>
  <text verify="true" type="str" auto="true"><![CDATA[Всероссийский съезд руководителей угольных предприятий стартовал в Кемеровской области. Мероприятие будет посвящено теме экологической безопасности. Главы компаний, а также мэры городов и районов обсудят экологическое законодательство и внедрение в отрасль новых технологий.
Также в рамках форума затронут вопросы разработки регионального экостандарта для добычи угля. В ближайшее время специалисты планируют изучить перспективы использования его в качестве стратегической инновационной управленческой платформы для проектного управления регионом.
Кроме того, чтобы снизить негативное воздействие на природную среду и здоровье человека от добычи этого минерала, эксперты предложат самые передовые технологии, передает ГТРК "Кузбасс".
Текст: ГТРК "Кузбасс"]]></text>
</doc>
