<?xml version='1.0' encoding='UTF-8'?>
<doc>
  <source><![CDATA[https://www.vesti.ru/doc.html?id=3147986&cid=8]]></source>
  <category verify="true" type="list" auto="true">
    <item type="str"><![CDATA[Новости]]></item>
    <item type="str"><![CDATA[Происшествия]]></item>
    <item type="str"><![CDATA[Все видео этой рубрики]]></item>
  </category>
  <title verify="true" type="str" auto="true"><![CDATA[Из-за смога школы в Мехико останутся закрытыми до понедельника]]></title>
  <text verify="true" type="str" auto="true"><![CDATA[Министерство образования Мексики распорядилось закрыть школы в столице страны до понедельника. Причина — сильнейший смог, из-за которого в Мехико объявлена чрезвычайная экологическая тревога.
Воздух крайне загрязнен из-за лесных пожаров. Они бушуют в Центральной Мексике на фоне долгой жары и засухи, сообщает телеканал "Россия 24".]]></text>
</doc>
