<?xml version='1.0' encoding='UTF-8'?>
<doc>
  <source><![CDATA[https://www.vesti.ru/doc.html?id=3149995&cid=8]]></source>
  <category verify="true" type="list" auto="true">
    <item type="str"><![CDATA[Новости]]></item>
    <item type="str"><![CDATA[Происшествия]]></item>
    <item type="str"><![CDATA[Все видео этой рубрики]]></item>
  </category>
  <title verify="true" type="str" auto="true"><![CDATA[В Подмосковье полностью перекрыто Минское шоссе — перевернулся и загорелся грузовик]]></title>
  <text verify="true" type="str" auto="true"><![CDATA[На Минском шоссе перевернулся и загорелся грузовик с песком. Движение в обе стороны дороги перекрыто.
Инцидент произошел около 17:00 по московскому времени неподалеку от деревни Бутынь. На шоссе образовались пробки.
Информации о пострадавших не поступала.]]></text>
</doc>
