<?xml version='1.0' encoding='UTF-8'?>
<doc>
  <source><![CDATA[https://www.vesti.ru/doc.html?id=3148129&cid=680]]></source>
  <category verify="true" type="list" auto="true">
    <item type="str"><![CDATA[Новости]]></item>
    <item type="str"><![CDATA[Спорт]]></item>
    <item type="str"><![CDATA[Все видео этой рубрики]]></item>
  </category>
  <title verify="true" type="str" auto="true"><![CDATA[Серб за серба ответит. Айнтрахт нашел замену Йовичу в лице Костича]]></title>
  <text verify="true" type="str" auto="true"><![CDATA[Клуб немецкой футбольной бундеслиги, лидер атак которого серб Лука Йович нынешним летом переберется в мадридский "Реал", решил заключить полноценный контракт с другим представителем балканской страны хавбеком Филипом Костичем.
Полузащитник из Сербии провел уходящий сезон в немецкой команде на правах аренды, а права на Костича принадлежали "Гамбургу". Теперь, как сообщает официальный сайт "Айнтрахта", контракт 26-летнего серба выкуплен и он заключил соглашение до лета 2023 года.]]></text>
</doc>
