<?xml version='1.0' encoding='UTF-8'?>
<doc>
  <source><![CDATA[https://www.vesti.ru/doc.html?id=3149750&cid=680]]></source>
  <category verify="true" type="list" auto="true">
    <item type="str"><![CDATA[Новости]]></item>
    <item type="str"><![CDATA[Спорт]]></item>
    <item type="str"><![CDATA[Все видео этой рубрики]]></item>
  </category>
  <title verify="true" type="str" auto="true"><![CDATA[Отман Эль-Кабир может сменить Урал на Зенит]]></title>
  <text verify="true" type="str" auto="true"><![CDATA[Полузащитник "Урала" Отман Эль-Кабир может продолжить карьеру в "Зените". Контракт 27-летнего голландца с уральцами рассчитан до июня 2021 года.
Как сообщает "Спорт-Экспресс", "Зенит" намерен укрепить среднюю линию за счет приглашения Эль-Кабира. Согласно информации сайта Трансфермаркет стоимость Эль-Кабира составляет 2 миллиона евро, однако в процессе переговоров она наверняка вырастет.
Голландец марокканского происхождения Отман Эль-Кабир пришел в "Урал" из шведского "Юргордена" в феврале 2018 года. С тех пор он сыграл за уральцев 38 матчей, в которых забил 7 мячей.]]></text>
</doc>
