<?xml version='1.0' encoding='UTF-8'?>
<doc>
  <source><![CDATA[https://www.vesti.ru/doc.html?id=3148128&cid=7]]></source>
  <category verify="true" type="list" auto="true">
    <item type="str"><![CDATA[Новости]]></item>
    <item type="str"><![CDATA[Общество]]></item>
    <item type="str"><![CDATA[Все видео этой рубрики]]></item>
  </category>
  <title verify="true" type="str" auto="true"><![CDATA[Библиотечной столицей России в 2020 году станет Петрозаводск]]></title>
  <text verify="true" type="str" auto="true"><![CDATA[Петрозаводск выбран в качестве Библиотечной столицы России в 2020 году, — сообщает ГТРК "Карелия" в пресс-службу Минкульта республики. Решение объявили 16 мая на закрытии Всероссийского библиотечного конгресса в Туле.
Глава Министерства культуры и туризма Тульской области Татьяна Рыбкина поздравила с этим событием замминистра культуры Карелии Варвару Лебедеву, и в качестве символа теплоты и дружбы вручила самовар. "Для нас большой честью станет провести в Петрозаводске библиотечный конгресс 2020 года. Тем более, что мероприятие будет приурочено к 100-летнему юбилею Карелии. Мы продолжим наше плодотворное профессиональное общение, начатое в Туле", — прокомментировала Варвара Лебедева.
Карельским специалистам за вклад в развитие библиотек вручили грамоты. Наградами были отмечены главный библиотекарь и ученый библиотекарь Национальной библиотеки Республики Карелия.
Напомним, проходивший в Туле библиотечный форум этого года посвятили разработке концепций развития библиотечного дела в стране. В частности, обсудили вопросы формирования электронных библиотечных ресурсов, пополнения и сохранности фондов.
Текст: ГТРК "Карелия"]]></text>
</doc>
