<?xml version='1.0' encoding='UTF-8'?>
<doc>
  <source><![CDATA[https://www.vesti.ru/doc.html?id=3149742&cid=9]]></source>
  <category verify="true" type="list" auto="true">
    <item type="str"><![CDATA[Новости]]></item>
    <item type="str"><![CDATA[В мире]]></item>
    <item type="str"><![CDATA[Все видео этой рубрики]]></item>
  </category>
  <title verify="true" type="str" auto="true"><![CDATA[Жарить редис и не терпеть Россию и.о. главы минздрава Украины оригинально выступила в Женеве]]></title>
  <text verify="true" type="str" auto="true"><![CDATA[Во время выступления на 72-й сессии Всемирной ассамблеи здравоохранения в Женеве и.о. министра здравоохранения Украины Ульяна Супрун заявила, что ООН "не должна терпеть" Россию в Совете Безопасности. При этом она призвала отказаться от российских денег, которые наполняют западные счета, передает РИА Новости.
Супрун подчеркнула, что санкционный режим в отношении РФ "должен быть сохранен и расширен".
Депутат от "Радикальной партии" Украины Игорь Мосийчук направил Зеленскому обращение о прекращении украинского гражданства для исполняющей обязанности министра здравоохранения Ульяны Супрун.
Ранее сообщалось, что Супрун покинула страну. Местные СМИ распространили видео из аэропорта Борисполь, на котором запечатлена женщина, похожая на Супрун, проходила регистрацию на рейс во Франкфурт.
Ульяна Супрун — гражданка США, известная своими странными высказываниями. Она рекомендовала украинцам жарить редис и заменить лук крапивой.
В понедельник после вступления в должность президента Украины Владимир Зеленский предложил кабмину освободить место для тех, кто будет думать о будущих поколениях, и объявил о роспуске парламента.]]></text>
</doc>
