<?xml version='1.0' encoding='UTF-8'?>
<doc>
  <source><![CDATA[https://www.vesti.ru/doc.html?id=3148246&cid=7]]></source>
  <category verify="true" type="list" auto="true">
    <item type="str"><![CDATA[Новости]]></item>
    <item type="str"><![CDATA[Общество]]></item>
    <item type="str"><![CDATA[Все видео этой рубрики]]></item>
  </category>
  <title verify="true" type="str" auto="true"><![CDATA[На Старшее поколение потратят сто миллиардов]]></title>
  <text verify="true" type="str" auto="true"><![CDATA[В ближайшие годы на осуществление федерального проекта "Старшее поколение" будет выделено около 100 миллиардов рублей, сообщил глава правительства Дмитрий Медведев.
Он отметил, что задача программы — создать пожилым людям возможности как можно дольше жить разнообразной и насыщенной жизнью.
"Чтобы жизнь в преклонном возрасте не сводилась только к походам в поликлинику", — пояснил премьер-министр, передает ТАСС.
При этом он отметил необходимость развивать специальную систему охраны здоровья для людей старшего возраста.
"Надо сформировать сеть гериатрических центров и геронтологических отделений. Они должны появиться во всех регионах нашей страны, помощь в них смогут получать сотни тысяч наших граждан", — подчеркнул Дмитрий Медведев.]]></text>
</doc>
