<?xml version='1.0' encoding='UTF-8'?>
<doc>
  <source><![CDATA[https://www.vesti.ru/doc.html?id=3150542&cid=680]]></source>
  <category verify="true" type="list" auto="true">
    <item type="str"><![CDATA[Новости]]></item>
    <item type="str"><![CDATA[Спорт]]></item>
    <item type="str"><![CDATA[Все видео этой рубрики]]></item>
  </category>
  <title verify="true" type="str" auto="true"><![CDATA[Никита Гусев не ожидали, что будет так тяжело с американцами]]></title>
  <text verify="true" type="str" auto="true"><![CDATA[Нападающий сборной России Никита Гусев, набравший три очка в победном матче чемпионата мира по хоккею с шайбой против американцев, признался, что не ожидал такого тяжелого четвертьфинала. Кроме того, россиянин покритиковал игру национальной команды в обороне.
"Не ожидали, что будет так тяжело, но сами виноваты. Когда ведем в счете, необходимо уверенней играть. Мы должны были лучше действовать в обороне, но допустили нервотрепку в конце", – приводит слова Гусева Чемпионат.com.
Напомним, что сборная России переиграла американскую команду со счетом 4:3 и вышла в полуфинал чемпионата мира, где сразится с финнами.]]></text>
</doc>
