<?xml version='1.0' encoding='UTF-8'?>
<doc>
  <source><![CDATA[https://www.vesti.ru/doc.html?id=3150797&cid=7]]></source>
  <category verify="true" type="list" auto="true">
    <item type="str"><![CDATA[Новости]]></item>
    <item type="str"><![CDATA[Общество]]></item>
    <item type="str"><![CDATA[Все видео этой рубрики]]></item>
  </category>
  <title verify="true" type="str" auto="true"><![CDATA[В Александро-Невской лавре нашли могилы последних грузинских царей]]></title>
  <text verify="true" type="str" auto="true"><![CDATA[Саркофаг графа Якова Ростовцева, одного из авторов крестьянской реформы 1861 года, а также 26 могил членов грузинской царской семьи обнаружены ходе реставрации Федоровского храма в Александро-Невской лавре. Кроме того, в обители привели в порядок помещения для духовно-просветительского центра.
Федоровская церковь лавры находится вдали от туристических маршрутов — оттого и реставрация здесь заняла больше десяти лет. Верхний храм был освящен еще в 2018 году, а в нижнем — работы продолжаются до сих пор.
""Настоящая реставрация не может быть быстрой. Потому что дело не только во внешнем виде, но и технологию надо соблюдать. А сейчас очень сложно людей найти, которые работали бы в технологиях, которыми это было построено", — отмечает наместник Свято-Троицкой Александро-Невской лавры епископ Кронштадтский Назарий.
Такая щадящая реставрация принесла ряд настоящих открытий. Было обнаружено место упокоения графа Якова Ростовцева, раскаявшегося декабриста, который вошел в историю как один из авторов крестьянской реформы 1861 года.
"Плита была отодвинута к стене и замурована за кирпичной стеной как то, что не может никогда понадобиться. Ее даже не нужно уничтожать – пережиток царской эпохи уже не воспринимался, как враждебный", — рассказывает помощник наместника и архитектурно-художественному убранству Свято-Троицкой Александро-Невской лавры по реставрации Алексей Одинцов.
Надгробный камень графа был обнаружен приваленным к стене, а мраморная крипта была приспособлена под дворницкую.
Демонтаж поздних советских пристроек также преподнес сюрпризы — были обнаружены надгробные плиты знатных грузинских семей и последних царей страны Сакартвело. Тридцать восемь фамилий — целый грузинский некрополь, спрятанный за толстым слоем цемента.
Здание бывшей Свято-Духовской церкви в советское время было разорено. В разные годы здесь находился аэроклуб, физкультурное общество "Спартак" и станция переливания крови. Сегодня впервые можно увидеть, что под слоями штукатурки скрывался образец Петровского барокко. Здесь реставрация только планируется.]]></text>
</doc>
