<?xml version='1.0' encoding='UTF-8'?>
<doc>
  <source><![CDATA[https://www.vesti.ru/doc.html?id=3150409&cid=7]]></source>
  <category verify="true" type="list" auto="true">
    <item type="str"><![CDATA[Новости]]></item>
    <item type="str"><![CDATA[Общество]]></item>
    <item type="str"><![CDATA[Все видео этой рубрики]]></item>
  </category>
  <title verify="true" type="str" auto="true"><![CDATA[В Москве открывается фестиваль польского кино Висла]]></title>
  <text verify="true" type="str" auto="true"><![CDATA[В столице стартует 12-й фестиваль польских фильмов "Висла". С 23 по 30 мая в кинотеатрах "Пять звезд на Павелецкой", "Иллюзион", "Кинозал Третьяковской галереи", а также в "Новом пространстве Театра Наций" зрители смогут увидеть порядка 80 фильмов и встретиться с 30 знаменитыми гостями.
Торжественная церемония открытия состоится сегодня в кинотеатре "Иллюзион" — откроет смотр картина Яна Якуба Кольского "Помилование". В основу этого эмоционального фильма-путешествия легли реальные судьбы семьи режиссера.
За Гран-при конкурса художественных фильмов сразятся 12 картин: "7 чувств" (режиссер Марек Котерски), "53 войны" (режиссер Эва Буковска), "Башня. Ясный день" (режиссер Ягода Шельц), "Дочь тренера" (режиссер Лукаш Гжегожек), "Как кошка с собакой" (режиссер Януш Кондратюк), "Камердинер" (режиссер Филип Байон), "Нина" (режиссер Ольга Хайдас), "Оборотень" (режиссер Адриан Панек), "Помилование" (режиссер Ян Якуб Кольски), "Приступ паники" (режиссер Павел Масьлена), "Тихая ночь" (режиссер Петр Домалевски), "Фуга" (режиссер Агнешка Смочиньска).
После завершения фестиваля в Москве "Висла" продолжит путешествие по России. Увидеть польские фильмы смогут жители Екатеринбурга, Барнаула, Новороссийска, Твери, Ростова-на-Дону, Краснодара, Оренбурга, Нижнего Новгорода, Великого Новгорода, Торжка, Петрозаводска, Высоковска и Бийска.]]></text>
</doc>
