<?xml version='1.0' encoding='UTF-8'?>
<doc>
  <source><![CDATA[https://www.vesti.ru/doc.html?id=3149931&cid=8]]></source>
  <category verify="true" type="list" auto="true">
    <item type="str"><![CDATA[Новости]]></item>
    <item type="str"><![CDATA[Происшествия]]></item>
    <item type="str"><![CDATA[Все видео этой рубрики]]></item>
  </category>
  <title verify="true" type="str" auto="true"><![CDATA[Кукурузник на Ставрополье выкатился со взлетки и загорелся]]></title>
  <text verify="true" type="str" auto="true"><![CDATA[В селе Журавское Новоселицкого района (Ставропольский край) самолет Ан-2 выехал за пределы взлетно-посадочной полосы и загорелся.
В сообщении ГУ МЧС по Ставропольскому краю говорится, что самолет сельхозназначения Ан-2 при разгоне не набрал положенной скорости, выехал за пределы взлетно-посадочной полосы, врезался в лесополосу и загорелся. Отмечается, что погибших и пострадавших нет.]]></text>
</doc>
