<?xml version='1.0' encoding='UTF-8'?>
<doc>
  <source><![CDATA[https://www.vesti.ru/doc.html?id=3148258&cid=680]]></source>
  <category verify="true" type="list" auto="true">
    <item type="str"><![CDATA[Новости]]></item>
    <item type="str"><![CDATA[Спорт]]></item>
    <item type="str"><![CDATA[Все видео этой рубрики]]></item>
  </category>
  <title verify="true" type="str" auto="true"><![CDATA[Трибуны стадиона Динамо назовут именем легенд клуба]]></title>
  <text verify="true" type="str" auto="true"><![CDATA[Генеральный директор УК "Динамо" Андрей Лунтовский сообщил о том, что трибуны Центрального стадиона "Динамо" в Петровском парке будут носить имена ветеранов и легенд "бело-голубых". Однако пока это только в планах.
"В середине апреля мы встречались с болельщиками и поддержали их инициативу назвать трибуны стадиона в честь ветеранов клуба, — приводит слова Лунтовского Спорт24.Ru. – Пока мы ничего переименовывать не будем, потому что реализуется билетная программа, но уже функционирует рабочая группа, прорабатывающая не только само переименование трибун, но и оформления подтрибунного пространства, разрисовкой граффити. Также планируем установить памятник тем болельщикам, которые не дождались открытия арены".
Напомним, что первым матчем, который состоится на новой арене в Петровском парке, станет встреча между "Динамо" и тульским "Арсеналом". Она состоится 26 мая в рамках 30-го тура российской премьер-лиги.]]></text>
</doc>
