<?xml version='1.0' encoding='UTF-8'?>
<doc>
  <source><![CDATA[https://www.vesti.ru/doc.html?id=3149723&cid=8]]></source>
  <category verify="true" type="list" auto="true">
    <item type="str"><![CDATA[Новости]]></item>
    <item type="str"><![CDATA[Происшествия]]></item>
    <item type="str"><![CDATA[Все видео этой рубрики]]></item>
  </category>
  <title verify="true" type="str" auto="true"><![CDATA[В Бразилии прогремели выстрелы в церкви 3 погибших]]></title>
  <text verify="true" type="str" auto="true"><![CDATA[Во вторник, 21 мая, в бразильском городе Паракату в результате стрельбы, открытой в одной из церквей, погибли три человека.
Жертвами злоумышленника, ворвавшегося в храм и открывшего огонь по находившимся там людям, стали две прихожанки и отец священника. Как свидетельствуют очевидцы трагедии, главной целью нападавшего был священник, которому удалось спастись бегством.
Прибывшие на место происшествия полицейские применили оружие, получивший ранение нападавший был госпитализирован в тяжелом состоянии, передает ТАСС.
По предварительным данным расследования случившегося, причиной нападения стала ревность: избежавший смерти священник был женат на еще одной – четвертой — жертве преступника, которая до замужества находилась в отношениях с нападавшим. Женщина скончалась в результате нанесенных бывшим возлюбленным ножевых ранений, полученных ранее тем же вечером.]]></text>
</doc>
