<?xml version='1.0' encoding='UTF-8'?>
<doc>
  <source><![CDATA[https://www.vesti.ru/doc.html?id=3149684&cid=5]]></source>
  <category verify="true" type="list" auto="true">
    <item type="str"><![CDATA[Новости]]></item>
    <item type="str"><![CDATA[Политика]]></item>
    <item type="str"><![CDATA[Все видео этой рубрики]]></item>
  </category>
  <title verify="true" type="str" auto="true"><![CDATA[Макрон, Меркель и Путин обсудили Украину и возвращение России в ПАСЕ]]></title>
  <text verify="true" type="str" auto="true"><![CDATA[Ситуацию на Украине с учетом смены президента в стране по телефону обсудили президент России Владимир Путин с канцлером Германии Ангелой Меркель и президентом Франции Эммануэлем Макроном. В частности, главы трех стран согласились, что минским соглашениям нет альтернативы. Владимир Путин напомнил также о приоритетности закона об особом статусе отдельных регионов Донецкой и Луганской областей, проведения амнистии и других шагов по налаживанию прямого диалога Киева с Донецком и Луганском, сообщает телеканал "Россия 24".
Помимо Украины говорили о ситуации в Сирии и Иране, а также поддержали перспективу восстановления прав российской делегации в ПАСЕ. Париж и Берлин поддержали линию на восстановление в полном объеме прав российской делегации в ПАСЕ с учетом итогов заседания Комитета министров Совета Европы в Хельсинки 17 мая и вступления Франции в права председателя этого комитета, добавила пресс-служба Кремля.
Российская делегация была лишена части своих полномочий из-за событий на Украине и воссоединения Крыма с Россией. Несколько лет российские депутаты и сенаторы не участвуют в сессиях ПАСЕ. С 2019 года Россия отказалась платить взносы в бюджет Совета Европы. Российская сторона в качестве условия своего возвращения к работе в ПАСЕ настаивает на восстановлении в полном объеме ее полномочий делегации и устранении противоречий в полномочиях СЕ и ПАСЕ для обеспечения равных прав всех стран-участниц и исключения возможности дискриминации национальных делегаций.]]></text>
</doc>
