<?xml version='1.0' encoding='UTF-8'?>
<doc>
  <source><![CDATA[https://www.vesti.ru/doc.html?id=3149718&cid=7]]></source>
  <category verify="true" type="list" auto="true">
    <item type="str"><![CDATA[Новости]]></item>
    <item type="str"><![CDATA[Общество]]></item>
    <item type="str"><![CDATA[Все видео этой рубрики]]></item>
  </category>
  <title verify="true" type="str" auto="true"><![CDATA[Оформить полис ОМС станет проще]]></title>
  <text verify="true" type="str" auto="true"><![CDATA[Новые правила обязательного медицинского страхования утвердил Минздрав. Согласно документу, заявление на получение нового полиса можно будет подать через МФЦ и Единый портал Госуслуг при наличии электронной подписи.
Срок действия временного полиса увеличится с 30 до 45 дней, отмечает телеканал "Россия 24". Кроме того, теперь четко прописан порядок оплаты и расчетов между страховыми организациями по ОМС. И предусмотрена ответственность за непредоставление документов или искажение информации в счетах.
Например, если медучреждение оказало менее дорогостоящую помощь, чем указано в документах, то с него удержат лишние средства и оштрафуют. А если пациенту дадут лекарство менее дорогостоящее, чем положено или заменят другим, менее качественным, то организацию ждет штраф в тройном размере.
Особое внимание уделят информированию граждан. Так, страховые организации будут обязаны указывать на сайтах все медучреждения, где можно получить помощь. В том числе и те, которые работают по выходным дням и поздним вечером.]]></text>
</doc>
