<?xml version='1.0' encoding='UTF-8'?>
<doc>
  <source><![CDATA[https://www.vesti.ru/doc.html?id=3149782&cid=7]]></source>
  <category verify="true" type="list" auto="true">
    <item type="str"><![CDATA[Новости]]></item>
    <item type="str"><![CDATA[Общество]]></item>
    <item type="str"><![CDATA[Все видео этой рубрики]]></item>
  </category>
  <title verify="true" type="str" auto="true"><![CDATA[Более 60 мероприятий проведут в дни Чеховского фестиваля в Таганроге]]></title>
  <text verify="true" type="str" auto="true"><![CDATA[XIII Международный Чеховский книжный фестиваль открывается в Таганроге. В течение трех дней на 26 площадках проведут более 60 мероприятий.
На книжный форум собираются писатели и поэты со всей России. Как сообщили в пресс-службе правительства Ростовской области, в приморском городе ждут писателя и публициста Захара Прилепина, учёного-криминолога, писателя и сценариста Данила Корецкого, а также делегацию Института славистики Дебреценского университета из Венгрии.
В этом году программа фестиваля значительно расширена, информирует ГТРК "Дон-ТР". В нее включены, помимо традиционных лекций и семинаров, открытые уроки, мастер-классы, литературные пикники и викторины. Кроме того, зрителям предложат посетить театрализованные представления, фотовыставки, экскурсии, флешмобы, а также исторические реконструкции.
Текст: ГТРК "Дон-ТР"]]></text>
</doc>
