<?xml version='1.0' encoding='UTF-8'?>
<doc>
  <source><![CDATA[https://www.vesti.ru/doc.html?id=3149739&cid=680]]></source>
  <category verify="true" type="list" auto="true">
    <item type="str"><![CDATA[Новости]]></item>
    <item type="str"><![CDATA[Спорт]]></item>
    <item type="str"><![CDATA[Все видео этой рубрики]]></item>
  </category>
  <title verify="true" type="str" auto="true"><![CDATA[Футболист Манчестер Сити до сих пор не убрал новогоднюю елку]]></title>
  <text verify="true" type="str" auto="true"><![CDATA[Португальский легионер "Манчестер Сити" Бернарду Силва признался, что в его доме до сих пор стоит новогодняя елка. Футболист заявил, что не спешил расставаться с елкой, чтобы не "спугнуть удачу".
В нынешнем сезоне "Манчестер Сити" выиграл четыре английских трофея – чемпионат, Кубок Англии, Кубок лиги и Суперкубок. Три первых победы пришлись уже на 2019 год. Бернарду затянул с разбором елки до финала Кубка лиги, который прошел в феврале. Затем он решил оставить новогоднее украшение вплоть до окончания сезона. И его клуб выиграл чемпионат, а потом и Кубок Англии.
Бернарду Силва был признан болельщиками лучшим игроком сезона. Он провел 51 матч, забил 13 мячей и сделал 8 голевых передач.]]></text>
</doc>
