<?xml version='1.0' encoding='UTF-8'?>
<doc>
  <source><![CDATA[https://www.vesti.ru/doc.html?id=3150859&cid=8]]></source>
  <category verify="true" type="list" auto="true">
    <item type="str"><![CDATA[Новости]]></item>
    <item type="str"><![CDATA[Происшествия]]></item>
    <item type="str"><![CDATA[Все видео этой рубрики]]></item>
  </category>
  <title verify="true" type="str" auto="true"><![CDATA[В ДТП с участием маршрутки в Волгограде пострадали семь человек. Видео]]></title>
  <text verify="true" type="str" auto="true"><![CDATA[Сегодня во второй половине дня в Центральном районе Волгограда столкнулись маршрутка и легковушка. От удара микроавтобус потерял управление и влетел в столб и бордюр.
По предварительным данным, к аварии привел неожиданный маневр красной машины — Daewoo Matiz внезапно повернул из среднего ряда налево перед маршруткой.
  Медицинская помощь потребовалась пятерым пассажирам микроавтобуса. Сидевшие в салоне малолитражки два человека тоже получили травмы.
Пресс-служба МВД по Волгоградской области сообщила, что детей среди пострадавших не оказалось.]]></text>
</doc>
