<?xml version='1.0' encoding='UTF-8'?>
<doc>
  <source><![CDATA[https://www.vesti.ru/doc.html?id=3150415&cid=9]]></source>
  <category verify="true" type="list" auto="true">
    <item type="str"><![CDATA[Новости]]></item>
    <item type="str"><![CDATA[В мире]]></item>
    <item type="str"><![CDATA[Все видео этой рубрики]]></item>
  </category>
  <title verify="true" type="str" auto="true"><![CDATA[На Украине прошли испытания ракетного комплекса Ольха]]></title>
  <text verify="true" type="str" auto="true"><![CDATA[Испытания ракетных комплексов "Ольха-М" и "Ольха-Р" прошли в Одесской области Украины. Об этом на своей странице в социальной сети Facebook написал секретарь Совета национальной безопасности и обороны Александр Турчинов.
Версия "М" отличается увеличенной дальностью стрельбы, а "Р" оснащена кассетной боевой частью. Турчинов уточнил, что испытания ракетного комплекса будут идти до конца недели.
Комплекс "Ольха" — это украинская модернизация советской реактивной системы залпового огня "Смерч", чьи реактивные снаряды летают всего на 70 километров. Однако секретарь СНБО утверждает, что сейчас радиус действия "Ольхи" достигает 130 километров, а в будущем он увеличится до 200 километров.]]></text>
</doc>
