<?xml version='1.0' encoding='UTF-8'?>
<doc>
  <source><![CDATA[https://www.vesti.ru/doc.html?id=3150316&cid=460]]></source>
  <category verify="true" type="list" auto="true">
    <item type="str"><![CDATA[Новости]]></item>
    <item type="str"><![CDATA[Культура]]></item>
    <item type="str"><![CDATA[Все видео этой рубрики]]></item>
  </category>
  <title verify="true" type="str" auto="true"><![CDATA[Допелись Потап и Настя Каменских стали супружеской парой]]></title>
  <text verify="true" type="str" auto="true"><![CDATA[Предположения, что рэпер Потап и певица Настя Каменских скоро поженятся, уже несколько месяцев не давали покоя их поклонникам. Однако свои планы они держали в тайне, объясняя это тем, что "счастье любит тишину", пишет StarHit.
Сегодня, наконец, украинские артисты, у которых немало поклонников и в России, признались: да, они женятся. И произойдет это 23 мая.
В этот же день в Сети был опубликован совместный клип "Константа", который журналисты сразу восприняли, как свадебный.
В нем Потап признается главной героине клипа Насте, что любит ее и хочет создать с ней семью.

Праздновать это событие, как пишут украинские СМИ, они будут в одном из загородных ресторанов с итальянской кухней под Киевом.
Потап и Настя Каменских выступали в дуэте 13 лет, а затем начали сольную карьеру, но слухи о том, что между ними романтические отношения, ходили давно.
К вечеру 23 мая стало известно, что церемония бракосочетания артистов состоялась в 16 часов по местному времени. Намекающие на это событие фото Насти Каменских с обручальным кольцом появились в ее "Инстаграме".
          Посмотреть эту публикацию в Instagram
                  #bride 💎
Публикация от NK | Nastia Kamenskykh (@kamenskux) 23 Май 2019 в 5:44 PDT]]></text>
</doc>
