<?xml version='1.0' encoding='UTF-8'?>
<doc>
  <source><![CDATA[https://www.vesti.ru/doc.html?id=3149972&cid=9]]></source>
  <category verify="true" type="list" auto="true">
    <item type="str"><![CDATA[Новости]]></item>
    <item type="str"><![CDATA[В мире]]></item>
    <item type="str"><![CDATA[Все видео этой рубрики]]></item>
  </category>
  <title verify="true" type="str" auto="true"><![CDATA[Теневые труженики Бельгии требуют равных прав с людьми других профессий]]></title>
  <text verify="true" type="str" auto="true"><![CDATA[В преддверии парламентских выборов в Бельгии, которые запланированы на 26 мая, свой пакет требований к политическим партиям представила Бельгийская ассоциация в защиту прав работников сферы сексуальных услуг.
Соня Верстапен — вице-председатель профсоюза "теневых тружеников" (как их называют в Бельгии) рассказала журналистам, что ассоциация призывает всех политиков, которые придут к власти по итогам выборов, обеспечить для работников сферы секс-услуг равные социальные права с представителями других профессий.
По данным Нацбанка и Университета Левена, ежегодный оборот сферы сексуальных услуг составляет 870 миллионов евро.
Из них на долю "витринной" проституции приходится 149 миллионов евро, "массажных салонов" — 119 миллионов, а уличной проституции – 5,5 миллиона евро, передает РИА Новости.
В Бельгии сутенерство является уголовно наказуемым правонарушением, а вот занятие проституцией не запрещено, хотя и не причислено к социальной профессии.]]></text>
</doc>
