<?xml version='1.0' encoding='UTF-8'?>
<doc>
  <source><![CDATA[https://www.vesti.ru/doc.html?id=3148156&cid=8]]></source>
  <category verify="true" type="list" auto="true">
    <item type="str"><![CDATA[Новости]]></item>
    <item type="str"><![CDATA[Происшествия]]></item>
    <item type="str"><![CDATA[Все видео этой рубрики]]></item>
  </category>
  <title verify="true" type="str" auto="true"><![CDATA[Схвачены причастные к убийству Александра Захарченко]]></title>
  <text verify="true" type="str" auto="true"><![CDATA[Задержаны подозреваемые в убийстве первого главы самопровозглашенной Донецкой народной республики Александра Захарченко.
Лидер ДНР Денис Пушилин сообщил РИА Новости, что задержана одна из групп. Другую информацию он не стал сообщать, так как продолжается следствие, по окончанию которого имена задержанных будут оглашены.

Также Пушилин сказал, что ДНР готова к прямому диалогу с Киевом, но на условиях учета интересов выбора и интересов граждан республики.
"Мы видели заявления, что Киев о судьбе Донбасса собирается говорить с Россией вместо того, чтобы говорить с нами. Это деструктивно", — подчеркнул Пушилин.
31 августа 2018 года глава ДНР Александр Захарченко погиб в результате теракта в донецком кафе "Сепар". Также был убит его охранник. Всего при взрыве ранения получили 11 человек. В расследовании преступления помогают российские эксперты-криминалисты.]]></text>
</doc>
