<?xml version='1.0' encoding='UTF-8'?>
<doc>
  <source><![CDATA[https://www.vesti.ru/doc.html?id=3149932&cid=680]]></source>
  <category verify="true" type="list" auto="true">
    <item type="str"><![CDATA[Новости]]></item>
    <item type="str"><![CDATA[Спорт]]></item>
    <item type="str"><![CDATA[Все видео этой рубрики]]></item>
  </category>
  <title verify="true" type="str" auto="true"><![CDATA[Юнес Намли стал игроком Краснодара]]></title>
  <text verify="true" type="str" auto="true"><![CDATA["Краснодар" подписал контракт с полузащитником голландского "Зволле" Юнесом Намли. Договор с 24-летним футболистом рассчитан на четыре года.
На датчанина марокканского происхождения претендовали голландские "Аякс" и "Фейеноорд", но их сумел опередить "Краснодар". Сам Намли заявил, что рад продолжить карьеру в большом клубе. Сумма сделки неизвестна.
Намли сыграл за "Зволле" 72 матча, в которых забил 11 мячей и сделал 18 голевых передач. ПО итогам прошлого сезона Юнес вошел в символическую сборную чемпионата Голландии.]]></text>
</doc>
