<?xml version='1.0' encoding='UTF-8'?>
<doc>
  <source><![CDATA[https://www.vesti.ru/doc.html?id=3148339&cid=8]]></source>
  <category verify="true" type="list" auto="true">
    <item type="str"><![CDATA[Новости]]></item>
    <item type="str"><![CDATA[Происшествия]]></item>
    <item type="str"><![CDATA[Все видео этой рубрики]]></item>
  </category>
  <title verify="true" type="str" auto="true"><![CDATA[Люди не могут выйти из горящей московской высотки]]></title>
  <text verify="true" type="str" auto="true"><![CDATA[В десятом доме по улице Немчинова, что на севере столицы, произошел пожар. Загорелась квартира на третьем этаже высотки. Жильцы не могут выйти и просят о помощи.
Как передает ТАСС со ссылкой на представителя экстренных служб города, задымились пять этажей дома. Бороться с возгоранием приехали десять расчетов. На данный момент известно об одном пострадавшем. Пожар в 12-этажке удалось локализовать.]]></text>
</doc>
