<?xml version='1.0' encoding='UTF-8'?>
<doc>
  <source><![CDATA[https://www.vesti.ru/doc.html?id=3150201&cid=8]]></source>
  <category verify="true" type="list" auto="true">
    <item type="str"><![CDATA[Новости]]></item>
    <item type="str"><![CDATA[Происшествия]]></item>
    <item type="str"><![CDATA[Все видео этой рубрики]]></item>
  </category>
  <title verify="true" type="str" auto="true"><![CDATA[Пьяный священник Лавры пырнул коллегу, повздорив из-за денег мирян]]></title>
  <text verify="true" type="str" auto="true"><![CDATA[В Троице-Сергиевой лавре конфликт из-за пожертвований прихожан перерос в драку с поножовщиной, в результате которой 62-летний батюшка оказался в больнице, а его 60-летний обидчик — в отделении полиции.
В официальной сводке подмосковного управления МВД сухо отмечается, что инцидент произошел 22 мая в Сергиево-Посадском районе, подозреваемый был задержан, ему грозит до восьми лет лишения свободы по статье "Умышленное причинение тяжкого вреда здоровью".
По данным РЕН-ТВ, местом выяснения отношений стала территория Троице-Сергиевой лавры, а причиной конфликта — спор из-за денег прихожан. Подвыпивший священник заподозрил коллегу в присвоении средств, которые миряне оставляют вместе с записками о поминовении усопших. Взываниями к совести и всевышнему он не ограничился, пустив в дело нож. Итогом стала госпитализация 62-летнего батюшки, в настоящее время он находится в реанимации.
Подозреваемого доставили в отделение полиции, но добиться внятного объяснения произошедшего стражи порядка не смогли, так как священнослужитель был пьян.]]></text>
</doc>
