<?xml version='1.0' encoding='UTF-8'?>
<doc>
  <source><![CDATA[https://www.vesti.ru/doc.html?id=3150377&cid=7]]></source>
  <category verify="true" type="list" auto="true">
    <item type="str"><![CDATA[Новости]]></item>
    <item type="str"><![CDATA[Общество]]></item>
    <item type="str"><![CDATA[Все видео этой рубрики]]></item>
  </category>
  <title verify="true" type="str" auto="true"><![CDATA[Епархия откажется от храма в сквере, если екатеринбуржцы проголосуют против]]></title>
  <text verify="true" type="str" auto="true"><![CDATA[Екатеринбургская епархия готова согласиться с результатами опроса по поводу строительства храма, даже если жители города проголосуют не в пользу проекта, заявил протоиерей Максим Миняйло.
Он добавил, что епархия готовится к опросу и будет "работать вместе со всем городом", передает "Интерфакс". Кроме того, по его словам, важно, чтобы люди знали, что предполагалось построить в сквере. "И только после этого они проголосуют объективно", — подчеркнул протоиерей.

В середине мая в Екатеринбурге прошла серия акций протеста против строительства храма в сквере в центре города. Акции не были согласованы. Десятки людей были задержаны, более 30 подверглись административным арестам.
После этого было решено провести опрос горожан по поводу строительства храма. Ранее свой опрос провел ВЦИОМ, и по его результатам 58 процентов горожан считают, что храм должен быть построен в другом месте.]]></text>
</doc>
