<?xml version='1.0' encoding='UTF-8'?>
<doc>
  <source><![CDATA[https://www.vesti.ru/doc.html?id=3148168&cid=8]]></source>
  <category verify="true" type="list" auto="true">
    <item type="str"><![CDATA[Новости]]></item>
    <item type="str"><![CDATA[Происшествия]]></item>
    <item type="str"><![CDATA[Все видео этой рубрики]]></item>
  </category>
  <title verify="true" type="str" auto="true"><![CDATA[Мотоциклист спровоцировал ДТП с пострадавшими в Нижегородской области. Видео]]></title>
  <text verify="true" type="str" auto="true"><![CDATA[В минувший четверг, 16 мая, на трассе в Дальнеконстантиновском районе Нижегородской области произошло столкновения мотоцикла и трех автомобилей, попавшее в объектив регистратора очевидца.
  Мотоциклист на Honda не удержал безопасную дистанцию и врезался в Volkswagen Tiguan, ехавший прямо перед ним. После этого байкер вылетел на полосу встречного движения и столкнулся с автомобилями Honda Civic и Hyundai.
Как сообщили в пресс-службе регионального ГУ МВД РФ, в результате инцидента пострадали два человека: водитель двухколесного транспортного средства и женщина, в момент ДТП находившаяся на пассажирском сидении автомобиля Honda.]]></text>
</doc>
