<?xml version='1.0' encoding='UTF-8'?>
<doc>
  <source><![CDATA[https://www.vesti.ru/doc.html?id=3150347&cid=680]]></source>
  <category verify="true" type="list" auto="true">
    <item type="str"><![CDATA[Новости]]></item>
    <item type="str"><![CDATA[Спорт]]></item>
    <item type="str"><![CDATA[Все видео этой рубрики]]></item>
  </category>
  <title verify="true" type="str" auto="true"><![CDATA[Мини-футбол. Тюмень стала соперником КПРФ по финалу Суперлиги]]></title>
  <text verify="true" type="str" auto="true"><![CDATA[В чемпионате российской Суперлиги по мини-футболу (футзалу) определились финалисты плей-офф. Первыми в финал вышли представители клуба КПРФ, обыгравшие "Новую Генерацию". Их соперниками стали футзалисты "Тюмени", переупрямившие "Динамо-Самару".
Самарское "Динамо" и "Новая Генерация" преподнесли главные сенсации стартового раунда плей-офф, оставив не у дел, соответственно, более высоко "посеянные" "Синару" и "Газпром-Югру". Впрочем, этими сюрпризами дело и ограничилось.
"Генерация" проиграла серию футзалистам КПРФ со счетом 0:3. "Динамо-Самара" продержалось чуть дольше, победив в первой встрече серии, но затем проиграв три следующие, в том числе – две на своей площадке.]]></text>
</doc>
