<?xml version='1.0' encoding='UTF-8'?>
<doc>
  <source><![CDATA[https://www.vesti.ru/doc.html?id=3147985&cid=9]]></source>
  <category verify="true" type="list" auto="true">
    <item type="str"><![CDATA[Новости]]></item>
    <item type="str"><![CDATA[В мире]]></item>
    <item type="str"><![CDATA[Все видео этой рубрики]]></item>
  </category>
  <title verify="true" type="str" auto="true"><![CDATA[Запуск Falcon 9 опять отложен]]></title>
  <text verify="true" type="str" auto="true"><![CDATA[Ракета Falcon 9 пока не полетит на орбиту. Запуск отложили во второй раз. Ранее старту помешала непогода.
Как сообщила компания SpaceX, на этот раз причина перепроверка и обновление программного обеспечения. Запуск все же рассчитывают провести в течение недели.
Запуск Falcon 9 — часть масштабного проекта Starlink для создания глобальной сети качественного интернет-покрытия. В первую очередь SpaceX должна запустить 60 спутников. Инвестиции исчисляются миллиардами долларов, передает телеканал "Россия 24".]]></text>
</doc>
