<?xml version='1.0' encoding='UTF-8'?>
<doc>
  <source><![CDATA[https://www.vesti.ru/doc.html?id=3148092&cid=8]]></source>
  <category verify="true" type="list" auto="true">
    <item type="str"><![CDATA[Новости]]></item>
    <item type="str"><![CDATA[Происшествия]]></item>
    <item type="str"><![CDATA[Все видео этой рубрики]]></item>
  </category>
  <title verify="true" type="str" auto="true"><![CDATA[Камера запечатлела момент гибели мотоциклиста в Волгограде]]></title>
  <text verify="true" type="str" auto="true"><![CDATA[В Сети опубликованы кадры с камеры наблюдения, запечатлевшей момент дорожно-транспортного происшествия с летальным исходом, произошедшего вечером в четверг, 16 мая, пересечении проспекта Ленина и улицы Ополченской в Волгограде.
  Водитель автомобиля Ford Fiesta оказался на пути у мотоциклиста. Последний не успел затормозить или совершить спасительный для него маневр, и врезался в легковушку.
После удара байкера отбросило далеко в сторону.
В результате столкновения на месте аварии погиб 32-летний водитель двухколесного транспортного средства. В больнице оказались женщины-пассажирки автомобиля Ford.
По предварительной информации, озвученной пресс-службой регионального ГУ МВД РФ, виновником инцидента является водитель легкового авто, который был обязан уступить дорогу байкеру при совершении поворота.]]></text>
</doc>
