<?xml version='1.0' encoding='UTF-8'?>
<doc>
  <source><![CDATA[https://www.vesti.ru/doc.html?id=3149713&cid=8]]></source>
  <category verify="true" type="list" auto="true">
    <item type="str"><![CDATA[Новости]]></item>
    <item type="str"><![CDATA[Происшествия]]></item>
    <item type="str"><![CDATA[Все видео этой рубрики]]></item>
  </category>
  <title verify="true" type="str" auto="true"><![CDATA[В Бенгальском заливе зафиксировано землетрясение]]></title>
  <text verify="true" type="str" auto="true"><![CDATA[По данным Геологической службы США, в акватории Бенгальского залива в зоне Андаманских и Никобарских островов зафиксировано землетрясение магнитудой 5,6.
Эпицентр подземных толчков находился в 240 километрах севернее населенного пункта Бамбуу-Флэт, их очаг залегал на глубине 10 километров, передает ТАСС. Угроза ценами не объявлялась, информация о пострадавших и нанесенном ущербе не поступала.
"Интерфакс" сообщает со ссылкой на данные Алтае-Саянского филиала Единой Геофизической службы РАН, что по интенсивности сотрясений в эпицентре землетрясение оценивается как "разрушительное".]]></text>
</doc>
