<?xml version='1.0' encoding='UTF-8'?>
<doc>
  <source><![CDATA[https://www.vesti.ru/doc.html?id=3150862&cid=5]]></source>
  <category verify="true" type="list" auto="true">
    <item type="str"><![CDATA[Новости]]></item>
    <item type="str"><![CDATA[Политика]]></item>
    <item type="str"><![CDATA[Все видео этой рубрики]]></item>
  </category>
  <title verify="true" type="str" auto="true"><![CDATA[В Минобороны РФ опровергли сообщение о химатаке в Сирии]]></title>
  <text verify="true" type="str" auto="true"><![CDATA[Никаких химических атак 19 мая в зоне деэскалации Идлиб не было, единственными "очевидцами" якобы произошедшего тогда подобного инцидента являются террористы.
Об этом проинформировал мировую общественность официальный представитель министерства обороны России генерал-майор Игорь Конашенков.
Комментируя заявление Госдепартамента США, он назвал его стремлением навязать миру ложь. По словам генерала, американского внешнеполитического ведомства опровергли даже созданные Западом в пропагандистских целях организации — "Обсерватория по правам человека" и "Белые каски".
Представитель Минобороны РФ считает, что заявление Госдепа является политической попыткой прикрыть стремления местных террористов ухудшить ситуацию в зоне деэскалации Идлиб и спровоцировать там гуманитарную катастрофу.
Конашенков отметил, что еще 18 мая сирийские правительственные войска первыми в одностороннем порядке полностью прекратили стрельбу и не поддавались на многочисленные провокации несколько дней.
Ранее руководитель пресс-службы Госдепартамента США Морган Ортагус заявила, что правительственные войска Сирии могли применить химическое оружие на северо-западе страны утром 19 мая.]]></text>
</doc>
