<?xml version='1.0' encoding='UTF-8'?>
<doc>
  <source><![CDATA[https://www.vesti.ru/doc.html?id=3150387&cid=680]]></source>
  <category verify="true" type="list" auto="true">
    <item type="str"><![CDATA[Новости]]></item>
    <item type="str"><![CDATA[Спорт]]></item>
    <item type="str"><![CDATA[Все видео этой рубрики]]></item>
  </category>
  <title verify="true" type="str" auto="true"><![CDATA[Британский триатлонист получил перелом таза, столкнувшись с оленем]]></title>
  <text verify="true" type="str" auto="true"><![CDATA[Известный британский триатлонист Стюарт Хейз получил весьма серьезные травмы во время велосипедной тренировки, столкнувшись с оленем в лондонском Ричмонд-Парке. 40-летний спортсмен раздробил кости таза и вынужден был отправиться в госпиталь.
"Как только я свернул за угол, прямо на меня наскочил олень, — цитирует Хейза Reuters со ссылкой на Evening Standard. – Я сильно ударился о его голову, он отлетел в сторону, а я приземлился на бедро. Сначала я думал, что все в порядке, но когда я попытался встать, моя нога просто подогнулась".
Теперь триатлонист проведет около полутора месяцев в гипсе. Хейз известен тем, что на Олимпийских играх 2012 года в столице Великобритании был "разгоняющим" для своих соотечественников Алистера и Джонатана Браунли, помогая братьям получить, соответственно, золотую и бронзовую медали в триатлоне.]]></text>
</doc>
