<?xml version='1.0' encoding='UTF-8'?>
<doc>
  <source><![CDATA[https://www.vesti.ru/doc.html?id=3148125&cid=7]]></source>
  <category verify="true" type="list" auto="true">
    <item type="str"><![CDATA[Новости]]></item>
    <item type="str"><![CDATA[Общество]]></item>
    <item type="str"><![CDATA[Все видео этой рубрики]]></item>
  </category>
  <title verify="true" type="str" auto="true"><![CDATA[Новую канатную дорогу в горах Сочи начнут строить этим летом]]></title>
  <text verify="true" type="str" auto="true"><![CDATA[Новую канатную дорогу в горах Сочи начнут строить летом 2019 года. Ее маршрут будет проходить по Южному склону хребта Аибга, сообщают "Вести Сочи". Контролировать ход работ будут специалисты Росприроднадзора.
Напомним, новая канатка будет возвышать на 2200 метров над уровнем моря, а перепады высоты на ее протяжении составят около 600 метров. Планируемая пропускная способность аттракциона —  2400 человек в час.
"Согласно природоохранному законодательству, в подготовительный период мы пересадим из этого района все краснокнижные растения. Всего три вида: кандык кавказский, иглица колхидская и цикламен косский. В общей сложности порядка восьмисот экземпляров", — уточнил представитель горнолыжного курорта.
Участки для размещения растений уже выбраны. Они находятся на Южном склоне хребта, в наиболее подходящей для этого климатической зоне.
Текст: ГТРК "Вести Сочи"]]></text>
</doc>
