<?xml version='1.0' encoding='UTF-8'?>
<doc>
  <source><![CDATA[https://www.vesti.ru/doc.html?id=3149891&cid=680]]></source>
  <category verify="true" type="list" auto="true">
    <item type="str"><![CDATA[Новости]]></item>
    <item type="str"><![CDATA[Спорт]]></item>
    <item type="str"><![CDATA[Все видео этой рубрики]]></item>
  </category>
  <title verify="true" type="str" auto="true"><![CDATA[Ракитич может сменить Барселону на Манчестер Юнайтед]]></title>
  <text verify="true" type="str" auto="true"><![CDATA[Полузащитник Иван Ракитич может перейти из "Барселоны" в "Манчестер Юнайтед". Самый титулованный клуб Англии готов заплатить за футболиста сборной Хорватии 55 миллионов евро.
Инициатива приобретения Ракитича исходит от главного тренера "Манчестер Юнайтед" Уле-Гуннара Сульшера. Норвежец видит в 31-летнем хорвате замену Андеру Эрреру, покидающего команду летом.
Иван Ракитич пришел в "Барселону" из "Севильи" в 2014 году. В составе "сине-гранатовых" он выигрывал Лигу чемпионов и клубный чемпионат мира, четыре раза становился чемпионом Испании. В 2018 году Ракитич стал серебряным призером чемпионата мира в рядах сборной Хорватии.]]></text>
</doc>
