<?xml version='1.0' encoding='UTF-8'?>
<doc>
  <source><![CDATA[https://www.vesti.ru/doc.html?id=3148119&cid=8]]></source>
  <category verify="true" type="list" auto="true">
    <item type="str"><![CDATA[Новости]]></item>
    <item type="str"><![CDATA[Происшествия]]></item>
    <item type="str"><![CDATA[Все видео этой рубрики]]></item>
  </category>
  <title verify="true" type="str" auto="true"><![CDATA[Безбилетник сломал нос контролеру в московском автобусе]]></title>
  <text verify="true" type="str" auto="true"><![CDATA[Следственным изолятором завершилась для 19-летнего мигранта поездка в московском автобусе — он сломал нос контролеру за отказ выпустить его из салона до прибытия полиции, сообщает столичное управление МВД. Спор безбилетника с должностным лицом зафиксировала нательная камера.
  Инцидент произошел на улице Вилиса Лациса в Северном Тушине. Молодой человек не оплатил проезд, а, поняв, что на него составят административный протокол, попытался покинуть салон. На пути "зайца" встал контролер.
"Вот тебе билет! Отпусти меня, я оплатил!" — потребовал молодой человек.
Услышав отказ, он повалил 35-летнего контролера и сломал ему нос, после чего убежал вместе с приятелем. Задержали подозреваемого на Химкинском бульваре, теперь ему грозит до пяти лет лишения свободы за применение насилия в отношении представителя власти. Суда он будет дожидаться в изоляторе.]]></text>
</doc>
