<?xml version='1.0' encoding='UTF-8'?>
<doc>
  <source><![CDATA[https://www.vesti.ru/doc.html?id=3150193&cid=8]]></source>
  <category verify="true" type="list" auto="true">
    <item type="str"><![CDATA[Новости]]></item>
    <item type="str"><![CDATA[Происшествия]]></item>
    <item type="str"><![CDATA[Все видео этой рубрики]]></item>
  </category>
  <title verify="true" type="str" auto="true"><![CDATA[Радикалы из Астрахани планировали устроить в России переворот]]></title>
  <text verify="true" type="str" auto="true"><![CDATA[В Астраханской области задержаны трое подозреваемых в создании экстремистского сообщества. Двое из них являются астраханцами, еще один – жителем Краснодарского края.
По словам информированного источника, националисты планировали устроить политический переворот. В домах задержанных сотрудники УФСБ нашли взрывчатые вещества, "коктейли Молотова", литературу по созданию бомб, военную экипировку, ножи, фашистскую атрибутику и пневматическое оружие.
В группе существовала строгая дисциплина, изучались правила владения холодным оружием, проводились тактические тренировки. Для конспирации они использовали различные шифры.
Как сообщил "России 24" старший помощник руководителя следственного управления СКР по Астраханской области Андрей Хегай, экстремисты вербовали новых сторонников на юге России, готовили взрывчатые вещества и зажигательные смеси, а также пытались приобрести огнестрельное оружие.
В отношении подозреваемых возбуждено уголовное дело по статье "Организация экстремистского сообщества". Решается вопрос об избрании меры пресечения.]]></text>
</doc>
