<?xml version='1.0' encoding='UTF-8'?>
<doc>
  <source><![CDATA[https://www.vesti.ru/doc.html?id=3150449&cid=680]]></source>
  <category verify="true" type="list" auto="true">
    <item type="str"><![CDATA[Новости]]></item>
    <item type="str"><![CDATA[Спорт]]></item>
    <item type="str"><![CDATA[Все видео этой рубрики]]></item>
  </category>
  <title verify="true" type="str" auto="true"><![CDATA[Россия – США. Во втором периоде американцы отыграли одну шайбу]]></title>
  <text verify="true" type="str" auto="true"><![CDATA[В рамках 1/4 финала чемпионата мира по хоккею с шайбой сборная России на льду арены имени Ондрея Непелы в словацком городе Братислава встречается с национальной командой США. После двух периодов подопечные Ильи Воробьева ведут в счете 2:1.
Первая двадцатиминутка завершилась в пользу россиян – 2:0. Голами отметились Никита Гусев (68-я секунда) и Михаил Сергачев (16-я минута). Оба хоккеиста также записали на свой счет по голевой передаче.
Во втором периоде американцы отыграли одну шайбу, на третьей минуте отличился Бреди Шей, которому ассистировали Патрик Кейн и Джонни Годро.
🚨 1:07 in and @russiahockey is on the board thanks to a nice rebound Nikita Gusev! #IIHFWorlds

Stay up to the minute with game action with the IIHF App:
 https://t.co/PDQtNtuJxc
▶️ https://t.co/yImldTg3TU pic.twitter.com/DxIfoq17oX
— IIHF (@IIHFHockey) 23 мая 2019 г.
🥅 WOAH! Watch that again...

Another big chance for @russiahockey as the puck bounces of the pad of Cory Schneider but a lucky deflection straight down keeps Russia at a single goal. #IIHFWorlds @usahockey pic.twitter.com/z9EHNw8kWP
— IIHF (@IIHFHockey) 23 мая 2019 г.
🚨 Kane ➡️ Skjei (and off a Russian defender = @usahockey is on the board! #IIHFWorlds #RUSUSA

Stay up to the minute with game action with the IIHF App:
 https://t.co/PDQtNtuJxc
▶️ https://t.co/yImldTg3TU pic.twitter.com/D3eGPgLehK
— IIHF (@IIHFHockey) 23 мая 2019 г.]]></text>
</doc>
