<?xml version='1.0' encoding='UTF-8'?>
<doc>
  <source><![CDATA[https://www.vesti.ru/doc.html?id=3149730&cid=680]]></source>
  <category verify="true" type="list" auto="true">
    <item type="str"><![CDATA[Новости]]></item>
    <item type="str"><![CDATA[Спорт]]></item>
    <item type="str"><![CDATA[Все видео этой рубрики]]></item>
  </category>
  <title verify="true" type="str" auto="true"><![CDATA[МанЮнайтед и МанСити поспорят за Иско]]></title>
  <text verify="true" type="str" auto="true"><![CDATA[Испанский полузащитник мадридского "Реала" летом может сменить клубную прописку. На футболиста не рассчитывает Зинедин Зидан и тот привлекает внимание ведущих европейских грандов. Новыми претендентами на испанца стали манчестерские "Юнайтед" и "Сити".
В "Реале" готовы расстаться с полузащитником атакующего плана за кругленькие 120 миллионов евро, сообщает Чемпионат.Com со ссылкой на Sport.es. Однако одним из главных конкурентов манкунианцев в борьбе за Иско является французский "Пари Сен-Жермен".
В минувшем сезоне игрок средней линии "Королевского клуба" принял участие в 37 встречах, отметившись шестью голами и одной результативной передачей. За "Реал" он выступает с 2013 года, когда он покинул ради "Реала" другой клуб Примеры – "Малагу".]]></text>
</doc>
