<?xml version='1.0' encoding='UTF-8'?>
<doc>
  <source><![CDATA[https://www.vesti.ru/doc.html?id=3150496&cid=680]]></source>
  <category verify="true" type="list" auto="true">
    <item type="str"><![CDATA[Новости]]></item>
    <item type="str"><![CDATA[Спорт]]></item>
    <item type="str"><![CDATA[Все видео этой рубрики]]></item>
  </category>
  <title verify="true" type="str" auto="true"><![CDATA[Сборная Канады в овертайме четвертьфинала одолела швейцарцев]]></title>
  <text verify="true" type="str" auto="true"><![CDATA[На чемпионате мира по хоккею с шайбой, который проходит в Словакии, завершилась четвертьфинальная встреча между сборными Канады и Швейцарии. Канадские хоккеисты перевели игру в овертайм за 0,4 секунды до конца третьего периода, где победили соперников со счетом 3:2.
В составе победителей дублем отметился Марк Стоун. Он стал автором победной шайбы в овертайме на 66-й минуте. Еще одни гол оказался на счету Дэймона Сиверсона, спасшего сборную Канады от поражения на последней секунде третьего периода. У проигравших отличились Свен Андригетто и Нико Хишир.
Severson cuts it close, tying the game with 0.4 seconds left for @HC_Men #CANSUI #IIHFWorlds

Watch all the highlights at https://t.co/UN4KhitcC3 pic.twitter.com/GOfxwq9kjB
— IIHF (@IIHFHockey) 23 мая 2019 г.
Ранее на турнире определился еще один полуфиналист. Сборная России обыграла американцев со счетом 4:3.]]></text>
</doc>
