<?xml version='1.0' encoding='UTF-8'?>
<doc>
  <source><![CDATA[https://www.vesti.ru/doc.html?id=3150072&cid=680]]></source>
  <category verify="true" type="list" auto="true">
    <item type="str"><![CDATA[Новости]]></item>
    <item type="str"><![CDATA[Спорт]]></item>
    <item type="str"><![CDATA[Все видео этой рубрики]]></item>
  </category>
  <title verify="true" type="str" auto="true"><![CDATA[Локомотив завоевал Кубок России по футболу]]></title>
  <text verify="true" type="str" auto="true"><![CDATA[Московский "Локомотив" стал новым обладателем Кубка России по футболу сезона 2018/19. В финальном поединке, который проходил в Самаре, столичные железнодорожники одержали победу над "Уралом". Итоговый счет встречи – 1:0 в пользу "Локо".
Автором единственного и победного гола в составе москвичей стал полузащитник Дмитрий Баринов, который поразил ворота уральского клуба головой после навеса с углового в исполнении португальца Мануэла Фернандеша. Это произошло на 27 минуте матча.
До конца матча соперники больше голов не забивали и "Локомотив" довел встречу до минимальной победы, завоевав свой восьмой Кубок России в истории. Теперь "красно-зеленые" являются рекордсменами турнира по количеству завоеванных титулов.
Примечательно, что шесть из них "Локо" завоевал с одним тренером – действующим наставником клуба Юрием Семиным.]]></text>
</doc>
