<?xml version='1.0' encoding='UTF-8'?>
<doc>
  <source><![CDATA[https://www.vesti.ru/doc.html?id=3150525&cid=680]]></source>
  <category verify="true" type="list" auto="true">
    <item type="str"><![CDATA[Новости]]></item>
    <item type="str"><![CDATA[Спорт]]></item>
    <item type="str"><![CDATA[Все видео этой рубрики]]></item>
  </category>
  <title verify="true" type="str" auto="true"><![CDATA[Чешские хоккеисты вышли в полуфинал чемпионата мира]]></title>
  <text verify="true" type="str" auto="true"><![CDATA[На чемпионате мира по хоккею с шайбой, который проходит в Словакии, завершилось четвертьфинальное противостояние между сборными Чехии и Германии. Команда Милоша Ржиги добилась победы со счетом 5:1 и вышла в полуфинал турнира, где сразится с канадскими хоккеистами.
В составе сборной Чехии дубль оформил Ян Коварж. Также отличились Якуб Ворачек, Доминик Кубалек и Ондржей Палат. У немцев гол оказался на счету Франка Мауэра.
25 мая чешские хоккеисты за выход в финал чемпионата мира поборются с командой Канады, ранее обыгравшей в драматичном поединке сборную Швейцарии.]]></text>
</doc>
