<?xml version='1.0' encoding='UTF-8'?>
<doc>
  <source><![CDATA[https://www.vesti.ru/doc.html?id=3150544&cid=9]]></source>
  <category verify="true" type="list" auto="true">
    <item type="str"><![CDATA[Новости]]></item>
    <item type="str"><![CDATA[В мире]]></item>
    <item type="str"><![CDATA[Все видео этой рубрики]]></item>
  </category>
  <title verify="true" type="str" auto="true"><![CDATA[Умереть за мечту американец скончался сразу после восхождения на Эверест]]></title>
  <text verify="true" type="str" auto="true"><![CDATA[Американец Дон Кэш умер сразу после восхождения на Эверест, исполнив мечту покорить вершины семи континентов.
55-летний житель штата Юта даже бросил работу, чтобы присоединится к "Клубу семи вершин", объединяющему тех, кто мечтает покорить самые высокие точки на всех континентах мира. Эверест был его последней, седьмой вершиной, передает РИА Новости.
Кэш не отказался от своей мечты даже когда потерял несколько пальцев из-за обморожения в ходе предыдущего восхождения.
Семья погибшего мужчины рассказала, что причина смерти пока остается неизвестной, но близкие предполагают, что Дон мог перенести сердечный приступ, спускаясь с Эвереста.]]></text>
</doc>
