<?xml version='1.0' encoding='UTF-8'?>
<doc>
  <source><![CDATA[https://www.vesti.ru/doc.html?id=3148250&cid=680]]></source>
  <category verify="true" type="list" auto="true">
    <item type="str"><![CDATA[Новости]]></item>
    <item type="str"><![CDATA[Спорт]]></item>
    <item type="str"><![CDATA[Все видео этой рубрики]]></item>
  </category>
  <title verify="true" type="str" auto="true"><![CDATA[Федерер снялся с турнира в Риме. Roland Garros под вопросом]]></title>
  <text verify="true" type="str" auto="true"><![CDATA[Экс-первая ракетка мира и обладатель 20 титулов чемпиона турниров "Большого шлема" швейцарец Роджер Федерер снялся с турнира Masters в столице Италии перед четвертьфиналом против грек Стефаноса Циципаса. Причиной стала травма правой ноги.
Накануне 37-летний теннисист в выигранном матче с хорватом Борной Чоричем вызывал на корт врача, сообщает официальный сайт турнира в Риме. Затем швейцарец рассказал журналистам, что повредил палец ноги на скользком грунте и несколько геймов его беспокоила боль.
В результате 20-летний Циципас без игры вышел во второй полуфинал турнира столь высокого уровня: на прошлой неделе в Мадриде он дошел до финала и уступил Новаку Джоковичу.
Федерер же рискует пропустить Открытый чемпионат Франции по теннису – второй в нынешнем сезоне турнир "Шлема". Он два года подряд пропускал всю грунтовую часть сезона и парижский Roland Garros. Нынешний турнир в столице Франции он также может исключить из своего соревновательного графика.]]></text>
</doc>
