<?xml version='1.0' encoding='UTF-8'?>
<doc>
  <source><![CDATA[https://www.vesti.ru/doc.html?id=3149694&cid=7]]></source>
  <category verify="true" type="list" auto="true">
    <item type="str"><![CDATA[Новости]]></item>
    <item type="str"><![CDATA[Общество]]></item>
    <item type="str"><![CDATA[Все видео этой рубрики]]></item>
  </category>
  <title verify="true" type="str" auto="true"><![CDATA[Дмитрий Козак переговоры о компенсациях из-за ЧП с Дружбой стоит вести после очистки трубы]]></title>
  <text verify="true" type="str" auto="true"><![CDATA[Переговоры о компенсациях из-за ЧП с нефтепроводом "Дружба" стоит обсуждать после полной очистки трубы. Об этом заявил российский вице-премьер Дмитрий Козак. Ранее Польша подняла вопрос о скидках на российское топливо.
Также зампред правительства отметил, что западным потребителям уже поступает качественная нефть. Однако полностью ликвидировать загрязнение — еще предстоит, отмечает телеканал "Россия 24".]]></text>
</doc>
