<?xml version='1.0' encoding='UTF-8'?>
<doc>
  <source><![CDATA[https://www.vesti.ru/doc.html?id=3150296&cid=680]]></source>
  <category verify="true" type="list" auto="true">
    <item type="str"><![CDATA[Новости]]></item>
    <item type="str"><![CDATA[Спорт]]></item>
    <item type="str"><![CDATA[Все видео этой рубрики]]></item>
  </category>
  <title verify="true" type="str" auto="true"><![CDATA[Марадона опроверг факт своего задержания в Буэнос-Айресе]]></title>
  <text verify="true" type="str" auto="true"><![CDATA[Знаменитый аргентинский футболист Диего Армандо Марадона категорически опроверг факт своего задержания в аэропорту столицы Аргентины. По словам экс-спортсмена, он всего лишь по просьбе правоохранителей подписал некие документы. Однако, его слова не противоречат предыдущим сообщениям.
Как уже сообщали Вести.Ru, Марадона в аэропорту Буэнос-Айреса имел контакт с представителями властей, которые передали знаменитости официальную бумагу о готовящемся судебном разбирательстве.
Тем не менее, Марадона поспешил выступить с опровержением: "Меня никто не арестовывал и не задерживал, — цитирует спортсмена Ciudad Magazine. – Я подписал документы, которые должен был подписать, и больше ничего".
Следует отметить, что вскоре после сообщения о задержании Марадоны, в ряде аргентинских изданий появились новости о том, что бывшая возлюбленная Диего Армандоы Росио Олива подала против него иск в суд.]]></text>
</doc>
