<?xml version='1.0' encoding='UTF-8'?>
<doc>
  <source><![CDATA[https://www.vesti.ru/doc.html?id=3150419&cid=8]]></source>
  <category verify="true" type="list" auto="true">
    <item type="str"><![CDATA[Новости]]></item>
    <item type="str"><![CDATA[Происшествия]]></item>
    <item type="str"><![CDATA[Все видео этой рубрики]]></item>
  </category>
  <title verify="true" type="str" auto="true"><![CDATA[Снятый с рейса дебошир скончался в карете скорой помощи]]></title>
  <text verify="true" type="str" auto="true"><![CDATA[Неадекватно ведший себя пассажир авиакомпании Red Wings, из-за которого вернулся в Москву направлявшийся в Симферополь самолет, скончался в карете скорой помощи по пути в больницу, сообщил ТАСС источник в правоохранительных органах.
Первоначально сообщалось, что мужчина вскоре после взлета начал раскидывать вещи по салону и оскорблять пилотов, усмирили его другие пассажиры, при этом один из них проломил ему голову. Когда самолет приземлился в Домодедове, буяна передали полицейским, а потом врачам.
Как оказалось, мужчина страдает психическим заболеванием, а на борту у него случился панический приступ, следствием которого, предположительно, стала сердечная недостаточность.
"В автомобиле медицинской службы он умер. Причина смерти устанавливается", — добавил собеседник агентства.]]></text>
</doc>
