<?xml version='1.0' encoding='UTF-8'?>
<doc>
  <source><![CDATA[https://www.vesti.ru/doc.html?id=3150450&cid=8]]></source>
  <category verify="true" type="list" auto="true">
    <item type="str"><![CDATA[Новости]]></item>
    <item type="str"><![CDATA[Происшествия]]></item>
    <item type="str"><![CDATA[Все видео этой рубрики]]></item>
  </category>
  <title verify="true" type="str" auto="true"><![CDATA[Под Одессой найден убитым бывший мэр Тирасполя]]></title>
  <text verify="true" type="str" auto="true"><![CDATA[В Лиманском районе Одесской области найдено тело со следами насильственной смерти бывшего мэра Тирасполя (Приднестровья) Андрея Безбабченко.
На официальном сайте полиции Одесской области сообщается о том, что проводится расследование обстоятельств смерти мужчины в Лиманском районе. Имя погибшего не называется, но при этом отмечено, что в настоящее время личность погибшего установлена. Проводятся мероприятия по установлению и ­привлечению к ответственности лиц, причастных к этому преступлению.
По выявленным фактам возбуждено уголовное производство по трем статьям Уголовного кодекса Украины: умышленное убийство, разбой и незаконное завладение транспортным средством.
Одесское издание "Думская", ссылаясь на источник в областном управлении Национальной полиции, сообщает, что погибшим является бывший мэр Тирасполя Андрей Безбабченко. Его тело обнаружено 22 мая возле села Вапнярка Лиманского района. На теле присутствуют признаки насильственной смерти, поскольку у мужчины были связаны руки и пробита голова. Рядом с погибшим стоял автомобиль марки Infiniti.
Супруга Андрея Безбабченко заявила об его исчезновении 21 мая. Некоторые украинские СМИ сообщают, что тело погибшего было прислонено к стене. В молдавских СМИ говорится, что труп Безбабченко нашли в 5 километрах от его дома, возле которого были обнаружены следы крови, передает "Интерфакс".
Главой государственной администрации Тирасполя и Днестровска на неподконтрольной Молдавии территории Андрей Безбабченко стал в 2012 году. 28 сентября 2016 года он подал в отставку, затем принял участие в избирательной кампании Евгения Шевчука, после поражения которого жил на территории Украины.]]></text>
</doc>
