<?xml version='1.0' encoding='UTF-8'?>
<doc>
  <source><![CDATA[https://www.vesti.ru/doc.html?id=3149877&cid=8]]></source>
  <category verify="true" type="list" auto="true">
    <item type="str"><![CDATA[Новости]]></item>
    <item type="str"><![CDATA[Происшествия]]></item>
    <item type="str"><![CDATA[Все видео этой рубрики]]></item>
  </category>
  <title verify="true" type="str" auto="true"><![CDATA[В Подмосковье прохожие поставили легковушку на бок и спасли мотоциклиста. Видео]]></title>
  <text verify="true" type="str" auto="true"><![CDATA[Вчера в Чеховском районе мотоциклист врезался в легковушку и попал под ее колеса.
Инцидент произошел 21 мая неподалеку от деревни Крюково, когда девушка, сидевшая за рулем автомобиля Kia, выехала со второстепенной дороги перед несущимся мотоциклом.
Произошло столкновение, и 25-летний водитель мотоцикла попал под колеса автомобиля, продолжавшего двигаться.
  Позже девушка сообщила, отвлеклась на своего ребенка, сидевшего в детском кресле, и по этой причине не остановилась сразу.
Свидетель происшествия, идущий с маленьким сыном на плечах, мгновенно соориентировался, опустил ребенка на землю, подбежал к машине и остановил ее.
Затем мужчина криками подозвал к себе прохожих, и через считанные секунды они совместными усилиями подняли машину и спасли мотоциклиста.
Пострадавший был доставлен в больницу. Информация о его состоянии не поступала.]]></text>
</doc>
