<?xml version='1.0' encoding='UTF-8'?>
<doc>
  <source><![CDATA[https://www.vesti.ru/doc.html?id=3148227&cid=680]]></source>
  <category verify="true" type="list" auto="true">
    <item type="str"><![CDATA[Новости]]></item>
    <item type="str"><![CDATA[Спорт]]></item>
    <item type="str"><![CDATA[Все видео этой рубрики]]></item>
  </category>
  <title verify="true" type="str" auto="true"><![CDATA[Лапочкин назначен главным арбитром финала Кубка России по футболу]]></title>
  <text verify="true" type="str" auto="true"><![CDATA[Российский футбольный союз (РФС) опубликовал судейские назначения на финальной поединок Кубка России сезона 2018/19, в котором сыграют "Локомотив" и "Урал". Главным арбитром матча станет петербуржец Сергей Лапочкин, для которого это станет первым финалом Кубка России в карьере.
Помогать Лапочкину на линии будет краснодарец Алексей Стипиди и представляющий Грозный Адлан Хатуев, сообщает официальный сайт РФС. Резервным арбитром матча назначен Виталий Мешков из Дмитрова, а резервным ассистентом судьи – москвич Антон Аверьянов.
Также отметим, что на матче будет задействована дополнительная бригада арбитров для использования VAR. Главным по видеопомощнику станет москвич Сергей Карасев, его ассистентом нижегородец Михаил Вилков. Инспектором матча назначен Геннадий Куличенков из Тулы.
Напомним, что финал Кубка России между "Локомотивом" и "Уралом" состоится 22 мая на стадионе "Самара-Арена". Начало встречи в 18:30 по московскому времени.]]></text>
</doc>
