<?xml version='1.0' encoding='UTF-8'?>
<doc>
  <source><![CDATA[https://www.vesti.ru/doc.html?id=3150101&cid=5]]></source>
  <category verify="true" type="list" auto="true">
    <item type="str"><![CDATA[Новости]]></item>
    <item type="str"><![CDATA[Политика]]></item>
    <item type="str"><![CDATA[Все видео этой рубрики]]></item>
  </category>
  <title verify="true" type="str" auto="true"><![CDATA[Дмитрий Медведев и премьер-министр Вьетнама открыли перекрестный год двух стран]]></title>
  <text verify="true" type="str" auto="true"><![CDATA[Премьер Дмитрий Медведев вместе премьер-министром Вьетнама Нгуен Суан Фуком открыл перекрестный год России и Вьетнама. Председатель российского правительства отметил, что связи между нашими странами укрепляются. В частности, наши туристы активно посещают Вьетнам, знакомятся с его культурой и историей.
Церемония прошла в концертном зале "Зарядье", передает телеканал "Россия 24". Также премьер-министры посетили выставки, которые открылись в парке. Экспозиции посвящены традиционной вьетнамской культуре и истории сотрудничества между нашими странами.]]></text>
</doc>
