<?xml version='1.0' encoding='UTF-8'?>
<doc>
  <source><![CDATA[https://www.vesti.ru/doc.html?id=3149848&cid=680]]></source>
  <category verify="true" type="list" auto="true">
    <item type="str"><![CDATA[Новости]]></item>
    <item type="str"><![CDATA[Спорт]]></item>
    <item type="str"><![CDATA[Все видео этой рубрики]]></item>
  </category>
  <title verify="true" type="str" auto="true"><![CDATA[Торган Азар сменил одну Боруссию на другую]]></title>
  <text verify="true" type="str" auto="true"><![CDATA[Полузащитник сборной Бельгии Торган Азар перешел в дортмундскую "Боруссию" из "Боруссии" (Менхенгладбах). Подробности трансфера 26-летнего футболиста пока неизвестны.
Младший брат капитана сборной Бельгии Эдена Азара Торган подписал контракт с вице-чемпионами Германии. Сам футболист заявил, что горд стать игроком великого клуба. Азар назвал свой переход шагом в карьере.
В прошлом сезоне Торган Азар сыграл за менхенгладбахскую "Боруссию"35 матчей во всех турнирах. В них он забил 13 мячей и 12 раз ассистировал партнерам.]]></text>
</doc>
