<?xml version='1.0' encoding='UTF-8'?>
<doc>
  <source><![CDATA[https://www.vesti.ru/doc.html?id=3148170&cid=680]]></source>
  <category verify="true" type="list" auto="true">
    <item type="str"><![CDATA[Новости]]></item>
    <item type="str"><![CDATA[Спорт]]></item>
    <item type="str"><![CDATA[Все видео этой рубрики]]></item>
  </category>
  <title verify="true" type="str" auto="true"><![CDATA[Массимилиано Аллегри покидает пост наставника Ювентуса]]></title>
  <text verify="true" type="str" auto="true"><![CDATA[Главный тренер туринского "Ювентуса" Массимилиано Аллегри больше не будет руководить командой. С нового сезона наставником "Старой синьоры" будет другой специалист. В субботу, 18 мая, Аллегри и президент клуба Андреа Аньели проведут пресс-конференцию.
Примечательно, что в "Ювентусе" не сообщили о том, кто именно стал инициатором кадровых перемен на тренерском мостике. Накануне уже сообщалось о том, что Аллегри планировал покинуть свой пост после проведенных переговоров с боссами команды, которые касались трансферной политики "Юве" предстоящим летом.
Аллегри возглавлял туринский клуб с 2014 года. За время работы в клубе он завоевал пять титулов чемпиона Италии подряд, четыре Кубка страны и дважды стал обладателем Суперкубка Италии.
В качестве его потенциальных сменщиков называются тренер "Тоттенхэма" Маурисио Почеттино и наставник сборной Франции Дидье Дешам.]]></text>
</doc>
