<?xml version='1.0' encoding='UTF-8'?>
<doc>
  <source><![CDATA[https://www.vesti.ru/doc.html?id=3150478&cid=7]]></source>
  <category verify="true" type="list" auto="true">
    <item type="str"><![CDATA[Новости]]></item>
    <item type="str"><![CDATA[Общество]]></item>
    <item type="str"><![CDATA[Все видео этой рубрики]]></item>
  </category>
  <title verify="true" type="str" auto="true"><![CDATA[Захарова Россия знает, что радар в Норвегии работает на США, и примет ответные меры]]></title>
  <text verify="true" type="str" auto="true"><![CDATA[Новая радиолокационная станция, которая строится на норвежском острове Варде, сможет следить за территорией России и будет снабжать информацией Соединенные Штаты. Подобные военные приготовления влияют на стабильность и безопасность в северном регионе, они не останутся без ответных мер со стороны Москвы, заявила Мария Захарова в эфире телеканала "Россия 24".
Официальный представитель российского МИД особо отметила, что ее ведомство не раз спрашивало у норвежской стороны, зачем нужен этот радар. Однако та каждый раз уходили от ответа.
Напомним, РЛС Globus II стоит на норвежском острове с 1998 года. Официальная информация гласит, что она занимается слежением за космическим мусором, однако Москва уверена, что радар может быть использован для слежения за российскими баллистическими ракетами. В 2017 году на острове начали строительство более мощной РЛС Globus III.]]></text>
</doc>
