<?xml version='1.0' encoding='UTF-8'?>
<doc>
  <source><![CDATA[https://www.vesti.ru/doc.html?id=3150108&cid=680]]></source>
  <category verify="true" type="list" auto="true">
    <item type="str"><![CDATA[Новости]]></item>
    <item type="str"><![CDATA[Спорт]]></item>
    <item type="str"><![CDATA[Все видео этой рубрики]]></item>
  </category>
  <title verify="true" type="str" auto="true"><![CDATA[Федерер восстановился от травмы и готов выступить на Rolland Garros]]></title>
  <text verify="true" type="str" auto="true"><![CDATA[Швейцарский теннисист Роджер Федерер заявил о готовности выступить на одном из престижнейших турниров серии "Большого шлема" – Открытом чемпионате Франции. Третья ракетка мира полностью восстановился от травмы правой ноги.
"Я полностью восстановился к Rolland Garros после повреждения ноги, — признается Федерер, слова которого приводит Чемпионат.Com со ссылкой на Daily Express. – Невероятно рад вернуться в Париж, ведь здесь я не играл на протяжении уже целых трех лет".
"Ожидания аудитории высоки, однако я попытаюсь успокоить ситуацию, потому что понимаю, что турнир будет непростым. Впрочем, ранее на Masters в Риме и Мадриде дела у меня были неплохи. Я доволен своим состоянием".
Отметим, что на турнире в столице Италии швейцарец повредил палец ноги и впоследствии принял решение сняться с соревнования.]]></text>
</doc>
