<?xml version='1.0' encoding='UTF-8'?>
<doc>
  <source><![CDATA[https://www.vesti.ru/doc.html?id=3150135&cid=5]]></source>
  <category verify="true" type="list" auto="true">
    <item type="str"><![CDATA[Новости]]></item>
    <item type="str"><![CDATA[Политика]]></item>
    <item type="str"><![CDATA[Все видео этой рубрики]]></item>
  </category>
  <title verify="true" type="str" auto="true"><![CDATA[В странах ЕС сегодня стартуют выборы в Европейский парламент]]></title>
  <text verify="true" type="str" auto="true"><![CDATA[Сегодня начинаются выборы в Европарламент. Великобритания тоже принимает в них участие. Сегодня там как раз откроются участки — так же, как и в Нидерландах.
Завтра голосовать будут в Ирландии и Чехии, а 25 мая — в Латвии, на Мальте и в Словакии. В остальных странах — в воскресенье, 26 мая.
В общей сложности в выборах примут участие 28 государств и 426 миллионов избирателей. Минимальный порог для прохождения в парламент — 2 процента, но в некоторых странах его повысили до пяти. А распределят места между странами по численности их населения.
Если Великобритании все же удастся провести Brexit, ее депутаты покинут Европарламент.]]></text>
</doc>
