<?xml version='1.0' encoding='UTF-8'?>
<doc>
  <source><![CDATA[https://www.vesti.ru/doc.html?id=3150311&cid=7]]></source>
  <category verify="true" type="list" auto="true">
    <item type="str"><![CDATA[Новости]]></item>
    <item type="str"><![CDATA[Общество]]></item>
    <item type="str"><![CDATA[Все видео этой рубрики]]></item>
  </category>
  <title verify="true" type="str" auto="true"><![CDATA[Матвиенко стала кавалером высшего ордена России]]></title>
  <text verify="true" type="str" auto="true"><![CDATA[Президент России Владимир Путин вручил 23 мая государственные награды в Кремле. Среди награжденных – спикер Совета Федерации Валентина Матвиенко, она удостоена ордена Святого апостола Андрея Первозванного.
В 1998 году орден был восстановлен как высшая государственная награда России. Им награждают за исключительные заслуги, способствующие процветанию, величию и славе России. С 1998 года по март 2019-го этим орденом были награждены 18 человек.
Путин также вручил награду ректору МГУ Виктору Садовничему, он награжден орденом "За заслуги перед Отечеством" I степени. Эту же награду II степени получил руководитель протокола первого президента РФ Владимир Шевченко.
Награды получили писатель-сатирик Михаил Жванецкий, модельер Валентин Юдашкин, певица Лариса Долина, артист балета Николай Цискаридзе.
Вести.Ru и "Россия 24" вели прямую трансляцию церемонии.]]></text>
</doc>
