<?xml version='1.0' encoding='UTF-8'?>
<doc>
  <source><![CDATA[https://www.vesti.ru/doc.html?id=3150501&cid=680]]></source>
  <category verify="true" type="list" auto="true">
    <item type="str"><![CDATA[Новости]]></item>
    <item type="str"><![CDATA[Спорт]]></item>
    <item type="str"><![CDATA[Все видео этой рубрики]]></item>
  </category>
  <title verify="true" type="str" auto="true"><![CDATA[Илья Воробьев американцы из полумомента могут создать гол]]></title>
  <text verify="true" type="str" auto="true"><![CDATA[Главный тренер сборной России Илья Воробьев прокомментировал четвертьфинальную встречу национальной команды против американцев на чемпионате мира по хоккею с шайбой. Он отметил действия соперника, который старался выжать максимум из созданных моментов для взятия ворот.
"Уровень мастерства такой, что американцы из полумомента могут создать гол. Все очень быстро, все быстро может поменяться. Не скажу, что при счете 2:0 в нашу пользу американцы много чего поменяли, они ждали контратаки", – приводит слова Воробьева ТАСС.
Также наставник россиян дал оценку концовке третьего периода, которая получилась нервной. "Нервотрепки можно избежать, конечно, если сидеть на софе и смотреть какой-нибудь сериал", – заявил Воробьев.
Напомним, что сборная России победила американцев в четвертьфинале со счетом 4:3 и вышла в полуфинал турнира. Соперник россиян в следующей стадии плей-офф определится 23 мая чуть позже.]]></text>
</doc>
