<?xml version='1.0' encoding='UTF-8'?>
<doc>
  <source><![CDATA[https://www.vesti.ru/doc.html?id=3147989&cid=8]]></source>
  <category verify="true" type="list" auto="true">
    <item type="str"><![CDATA[Новости]]></item>
    <item type="str"><![CDATA[Происшествия]]></item>
    <item type="str"><![CDATA[Все видео этой рубрики]]></item>
  </category>
  <title verify="true" type="str" auto="true"><![CDATA[Пожар на Кегострове в Архангельске есть погибшие и пострадавшие]]></title>
  <text verify="true" type="str" auto="true"><![CDATA[В Архангельске этой ночью пытались справиться с крупным пожаром. В районе Кегострова горел жилой двухэтажный дом.
Как сообщили в пресс-службе МЧС региона, два человека погибли, есть пострадавшие. Это предварительные данные.
Теперь будут выяснять, что могло стать причиной ЧП. Очевидцы утверждают, что дом горел по всей площади. Пытаясь спастись от огня, люди выпрыгивали из окон, передает телеканал "Россия 24".]]></text>
</doc>
