<?xml version='1.0' encoding='UTF-8'?>
<doc>
  <source><![CDATA[https://www.vesti.ru/doc.html?id=3147952&cid=7]]></source>
  <category verify="true" type="list" auto="true">
    <item type="str"><![CDATA[Новости]]></item>
    <item type="str"><![CDATA[Общество]]></item>
    <item type="str"><![CDATA[Все видео этой рубрики]]></item>
  </category>
  <title verify="true" type="str" auto="true"><![CDATA[Сергей Лазарев прошел в финал конкурса Eurovision-2019]]></title>
  <text verify="true" type="str" auto="true"><![CDATA[Сергей Лазарев с песней Scream, представляющий Россию на международном песенном конкурсе Eurovision-2019, прошел в финал смотра. Об этом заявили ведущие второго полуфинала конкурса, которой прошел вечером в четверг, 17 мая, на сцене Выставочного центра Тель-Авива.
Конкурс Eurovision, который в третий раз проходит в Израиле, открылся на берегу Средиземного моря в минувшее воскресенье. Официальное открытие проходило в центре Тель-Авива – там представители 41 делегации торжественно прошли по "оранжевой дорожке". Девиз конкурса 2019 года – Dare To Dream, призывающий мечтать смело.
Во втором полуфинале на сцену вышли представители 18 стран, но в финале доведется поучаствовать не всем. В субботу, 18 мая, на музыкальную арену наравне с Сергеем Лазаревым выйдут представители Азербайджана, Албании, Дании, Нидерландов, Мальты, Норвегии, Северной Македонии, Швейцарии и Швеции.
Сергей Лазарев во второй раз участвует в конкурсе. В 2016 году на "Евровидении" в Стокгольме он занял третье место (и первое в зрительском голосовании) с композицией You Are the Only One, которая была написана Филиппом Киркоровым.
Официальный вещатель конкурса "Евровидение-2019" в России – холдинг ВГТРК. Смотрите прямую трансляцию финала "Евровидения" с 22 часов 18 мая на телеканале "Россия 1" и на сайте eurovision.russia.tv.]]></text>
</doc>
