<?xml version='1.0' encoding='UTF-8'?>
<doc>
  <source><![CDATA[https://www.vesti.ru/doc.html?id=3147977&cid=7]]></source>
  <category verify="true" type="list" auto="true">
    <item type="str"><![CDATA[Новости]]></item>
    <item type="str"><![CDATA[Общество]]></item>
    <item type="str"><![CDATA[Все видео этой рубрики]]></item>
  </category>
  <title verify="true" type="str" auto="true"><![CDATA[Путин проведет в Сочи итоговое совещание с военными]]></title>
  <text verify="true" type="str" auto="true"><![CDATA[17 мая в Сочи пройдет итоговое совещание из серии весенних консультаций с военными и представителями предприятий оборонной отрасли. Встречи посвящены развитию воздушно-космических сил страны.
Мероприятия стартовали в понедельник, напоминает телеканал "Россия 24". Владимир Путин побывал на авиазаводе в Казани, в летно-испытательном центре в Ахтубинске.
16 мая в центре внимания был космос. Президент отметил, за последние годы Россия увеличила группировку спутников военного и двойного назначения в полтора раза. При этом глава государства подчеркнул, полагаться только на старые заделы в этой сфере нельзя.]]></text>
</doc>
