<?xml version='1.0' encoding='UTF-8'?>
<doc>
  <source><![CDATA[https://www.vesti.ru/doc.html?id=3148111&cid=5]]></source>
  <category verify="true" type="list" auto="true">
    <item type="str"><![CDATA[Новости]]></item>
    <item type="str"><![CDATA[Политика]]></item>
    <item type="str"><![CDATA[Все видео этой рубрики]]></item>
  </category>
  <title verify="true" type="str" auto="true"><![CDATA[Лавров и Песков прокомментировали ситуацию с ПАСЕ]]></title>
  <text verify="true" type="str" auto="true"><![CDATA[Россия не собирается выходить из Совета Европы и не отказывается от выполнения своих обязательств. Об этом заявил министр иностранных дел РФ Сергей Лавров во время сессии комитета министров Совета Европы, которая проходит в Хельсинки.
"Мы не стремимся выходить из Совета Европы, как об этом пытаются распускать слухи. Не отказываемся ни от одного из своих обязательств, включая финансовые", — подчеркнул Лавров.
Министр добавил, что Россия ценит вклад Совета Европы в развитие судебной системы и решение гуманитарных вопросов. Наша страна заинтересована в продолжении работы в Совете Европы на основе норм международного права и Устава ООН.
Кроме того, Лавров напомнил, что впереди выборы генерального секретаря Совета Европы, и предупредил, что неучастие делегации РФ в голосовании будет иметь далеко идущие последствия.

В свою очередь пресс-секретарь президента Дмитрий Песков сказал, что Россия заинтересована в работе в ПАСЕ, но только на равноправной основе. То есть речь идет "о полноправном и равноправном участии российской делегации во всех механизмах", передает "Интерфакс". В противной случае о сотрудничестве говорить будет вряд ли возможно.]]></text>
</doc>
