<?xml version='1.0' encoding='UTF-8'?>
<doc>
  <source><![CDATA[https://www.vesti.ru/doc.html?id=3149947&cid=7]]></source>
  <category verify="true" type="list" auto="true">
    <item type="str"><![CDATA[Новости]]></item>
    <item type="str"><![CDATA[Общество]]></item>
    <item type="str"><![CDATA[Все видео этой рубрики]]></item>
  </category>
  <title verify="true" type="str" auto="true"><![CDATA[Знаменитый Каргопольский музей отмечает столетний юбилей]]></title>
  <text verify="true" type="str" auto="true"><![CDATA[Знаменитый Каргопольский музей отмечает юбилей. Историко-архитектурному и художественному мультикомплексу исполняется сто лет, сообщает ГТРК "Поморье".
Интересной была история появления музея. Началось всё, как часто бывает, с частной коллекции. Житель Каргополя, мещанин Капитон Колпаков многие годы занимался собиранием разнообразных предметов старины. В его доме хранились живописные работы, этнографические артефакты, оружие, рукописи, уникальная каргопольская вышивка.
В 1919 году Колпаков принял решение создать музей. Как рассказала директор Каргопольского музея Лидия Севастьянова, всего около шестисот предметов стало основой музейного собрания. В наши дни музей в Каргополе объединяет 14 зданий, в их число, кроме самого музея, входят храмы, объекты культурного наследия, памятники архитектуры XVI-XIX вв.
В фондах музея находится более пятидесяти тысяч экспонатов. Для посетителей всех возрастов проводятся мастер-классы, открыты творческие студии.
Текст: ГТРК "Поморье"]]></text>
</doc>
