<?xml version='1.0' encoding='UTF-8'?>
<doc>
  <source><![CDATA[https://www.vesti.ru/doc.html?id=3150380&cid=680]]></source>
  <category verify="true" type="list" auto="true">
    <item type="str"><![CDATA[Новости]]></item>
    <item type="str"><![CDATA[Спорт]]></item>
    <item type="str"><![CDATA[Все видео этой рубрики]]></item>
  </category>
  <title verify="true" type="str" auto="true"><![CDATA[Автоспорт. Чемпион Формулы-1 Алонсо провалил главную гонку Indicar]]></title>
  <text verify="true" type="str" auto="true"><![CDATA[В американской гоночной серии Indicar в ближайший уикенд пройдет самая престижная гонка – "500 миль Индианаполиса". К сожалению, в ней не примет участия экс-чемпион мира в "Формуле-1" испанец Фернандо Алонсо, который не смог пройти квалификацию соревнования.
Интересно, что Алонсо за рулем команды McLaren не справился с весьма лояльными правилами: в гонку допускались 33 из 36-ти вышедших на старт участника, но испанец оказался в числе трех неудачников.
В заключительной квалификации, которая была отложена из-за дождя, Алонсо в своей попытке сумел показать третий результат из шести гонщиков и это давало ему допуск к гонке, сообщает Motorsport.Com. Но в последней попытке результат Алонсо перебил Кайл Кайзер. Поул в квалификации завоевал Симон Пажено.
McLaren по ходу всей подготовки к выступлению на главной гонке Indicar испытывал проблемы. Во время тестов команда столкнулась со сложностями, не смогла начать вовремя апрельские тесты, а в свободных заездах Алонсо сначала испытывал проблемы с электроникой, а затем разбил свой болид.]]></text>
</doc>
