<?xml version='1.0' encoding='UTF-8'?>
<doc>
  <source><![CDATA[https://www.vesti.ru/doc.html?id=3150085&cid=680]]></source>
  <category verify="true" type="list" auto="true">
    <item type="str"><![CDATA[Новости]]></item>
    <item type="str"><![CDATA[Спорт]]></item>
    <item type="str"><![CDATA[Все видео этой рубрики]]></item>
  </category>
  <title verify="true" type="str" auto="true"><![CDATA[Арсенал впервые в истории выступит в Лиге Европы]]></title>
  <text verify="true" type="str" auto="true"><![CDATA[Тульский "Арсенал" впервые в истории примет участие в матчах Лиги Европы. Это стало известно после того, как московский "Локомотив" одержал победу в Кубке России, обыграв екатеринбургский "Урал" (1:0).
Дело в том, что туляки уже потеряли шансы на выход в еврокубки по итогам своих выступлений в российской премьер-лиге, за тур до его завершения занимая шестую строчку в таблице. Однако одна дополнительная путевка в Лигу Европы появилась бы для них в случае победы "Локо" в финале Кубка России, как клуба ранее уже обеспечившего себе выход в Лигу чемпионов.
В итоге так и произошло – железнодорожники выиграли Кубок России, и открыли тульскому "Арсеналу" путь в еврокубки. Он станет дебютантом турнира.
"Оружейники" так прокомментировали событие: "Сбылась мечта многих поколений тульских болельщиков: "Арсенал" – в Лиге Европы! 6-е место в РПЛ и победа "Локомотива" в Кубке России дали нам путевку в еврокубки. Поздравляем с этим успехом команду и всех поклонников красно-желтых. Лига Европы, встречай "Арсенал".]]></text>
</doc>
