<?xml version='1.0' encoding='UTF-8'?>
<doc>
  <source><![CDATA[https://www.vesti.ru/doc.html?id=3150183&cid=8]]></source>
  <category verify="true" type="list" auto="true">
    <item type="str"><![CDATA[Новости]]></item>
    <item type="str"><![CDATA[Происшествия]]></item>
    <item type="str"><![CDATA[Все видео этой рубрики]]></item>
  </category>
  <title verify="true" type="str" auto="true"><![CDATA[Следователи начали проверку по факту отравления 11 школьников в Тверской области]]></title>
  <text verify="true" type="str" auto="true"><![CDATA[В Торопце 11 учеников гимназии были госпитализированы с симптомами отравления. ЧП произошло накануне вечером. Почти все школьники сейчас находятся в Торопецкой ЦРБ. Несколько гимназистов были доставлены на вертолете в детскую больницу Твери, сообщает ГТРК "Тверь". На месте инцидента работают сотрудники Следственного комитета, Роспотребнадзора, а также криминалисты.
Западнодвинский следственный отдел инициировал проведение доследственной проверки. Специалистам предстоит провести ряд мероприятий, направленных на выяснение всех деталей произошедшего. По окончании проверки примут процессуальное решение. По предварительной версии, дети могли надышаться дымом в церкви при гимназии. Известно, что все учащиеся в настоящий момент находятся в стабильном состоянии. Угроза для их жизни отсутствует.
Текст: ГТРК "Тверь"]]></text>
</doc>
