<?xml version='1.0' encoding='UTF-8'?>
<doc>
  <source><![CDATA[https://www.vesti.ru/doc.html?id=3150129&cid=5]]></source>
  <category verify="true" type="list" auto="true">
    <item type="str"><![CDATA[Новости]]></item>
    <item type="str"><![CDATA[Политика]]></item>
    <item type="str"><![CDATA[Все видео этой рубрики]]></item>
  </category>
  <title verify="true" type="str" auto="true"><![CDATA[Владимир Путин сегодня встретится с президентом Республики Конго]]></title>
  <text verify="true" type="str" auto="true"><![CDATA[Владимир Путин проведет сегодня переговоры с главой Республики Конго Дени Сассу-Нгессо. Встреча президентов состоится в рамках официального визита Сассу-Нгессо в Россию.
На повестке дня — двустороннее сотрудничество, а также вопросы регионального характера, сообщает телеканал "Россия 24". В предыдущий раз президенты проводили переговоры в ноябре 2012 года в Ново-Огарёве.
За последний год товарооборот между странами вырос более чем на 70 процентов. Итоги сотрудничества и перспективы его развития лидер Конго обозначил в интервью Михаилу Гусману, ведущему программы "Формула власти".]]></text>
</doc>
