<?xml version='1.0' encoding='UTF-8'?>
<doc>
  <source><![CDATA[https://www.vesti.ru/doc.html?id=3150744&cid=7]]></source>
  <category verify="true" type="list" auto="true">
    <item type="str"><![CDATA[Новости]]></item>
    <item type="str"><![CDATA[Общество]]></item>
    <item type="str"><![CDATA[Все видео этой рубрики]]></item>
  </category>
  <title verify="true" type="str" auto="true"><![CDATA[Президент поздравил Патриарха с Днем славянской письменности и пожелал беречь себя]]></title>
  <text verify="true" type="str" auto="true"><![CDATA[Сегодня Россия празднует День славянской письменности и культуры. В Москве на Красной площади проходит концерт "Мир, в котором я живу", в котором принял участие Патриарх Московский и всея Руси Кирилл.
В своем обращении Патриарх Кирилл рассказал, что создание славянской азбуки Кириллом и Мефодием стало основой дальнейшего развития использующих ее народов. По его мнению, подвиг христианских проповедников привел к тому, что славянские народы, особенно народы исторической Руси, стали одними из мировых центров самобытной культуры. Первые кирпичики в создание этого великого здания положили святые Кирилл и Мефодий. "Сегодня мы их вспоминаем и торжествуем, взирая на величайшие достижения нашего народа в области культуры и просвещения", — передает "Россия 24" слова Патриарха.
По мнению предстоятеля Русской православной церкви, традиции, заложенные нашими предками, позволяют стране развиваться. "Традиция собираться на Красной площади (по случаю праздника) опирается на величайшую духовную и культурную ценность, которая во многом сформировала облик всего нашего народа".
В концерте принимают участие более 30 хоров и исполнителей общей численностью около тысячи человек, народный артист России Геннадий Дмитряк и заслуженный артист России Алексей Пузаков. В ходе концерта также прошли прямые включения из Томска, Астрахани, Белоруссии и Болгарии.
В день памяти святых равноапостольных Кирилла и Мефодия свое тезоименитство (именины духовенства) отмечает Патриарх Кирилл. Свои поздравления ему адресовал при личной встрече президент Российской Федерации Владимир Путин. Глава государства пожелал Патриарху Кириллу "скорректировать график в сторону разгрузки".
"Хочу поздравить вас с праздником, с Днем тезоименитства, поблагодарить за совместную работу по укреплению страны и, само собой, за ваш вклад в укрепление Русской православной церкви, а, значит, в укрепление всей нашей страны, всей России", — отметил Владимир Путин в своем поздравлении.
В свою очередь Патриарх Кирилл поблагодарил президента за сотрудничество и взаимодействие, которое сейчас осуществляется между государством и церковью. "Многие добрые дела реализуются, и это видно невооруженным глазом", — отметил предстоятель Русской православной церкви.]]></text>
</doc>
