<?xml version='1.0' encoding='UTF-8'?>
<doc>
  <source><![CDATA[https://www.vesti.ru/doc.html?id=3150087&cid=5]]></source>
  <category verify="true" type="list" auto="true">
    <item type="str"><![CDATA[Новости]]></item>
    <item type="str"><![CDATA[Политика]]></item>
    <item type="str"><![CDATA[Все видео этой рубрики]]></item>
  </category>
  <title verify="true" type="str" auto="true"><![CDATA[Лидер Палаты общин Великобритании Андреа Лидсом подала в отставку]]></title>
  <text verify="true" type="str" auto="true"><![CDATA[Лидер Палаты общин парламента Соединенного Королевства Андреа Лидсом заявила о решении уйти в отставку.
На своей странице в Twitter Андреа Лидсом выложила пост с письмом, адресованным британскому премьер-министру Терезе Мэй. В приведенном документе она информирует ее об уходе с занимаемой должности.
Андреа Лидсом отмечает, что такое решение она приняла "с большим сожалением и тяжелым сердцем".]]></text>
</doc>
