<?xml version='1.0' encoding='UTF-8'?>
<doc>
  <source><![CDATA[https://www.vesti.ru/doc.html?id=3148163&cid=680]]></source>
  <category verify="true" type="list" auto="true">
    <item type="str"><![CDATA[Новости]]></item>
    <item type="str"><![CDATA[Спорт]]></item>
    <item type="str"><![CDATA[Все видео этой рубрики]]></item>
  </category>
  <title verify="true" type="str" auto="true"><![CDATA[Тренер ЦСКА Итудис Реал – еще одна гора, на которую нам предстоит вскарабкаться]]></title>
  <text verify="true" type="str" auto="true"><![CDATA[Главный тренер баскетбольного ЦСКА Димитрис Итудис в преддверии полуфинального матча "Финала четырех" баскетбольной Евролиги против "Реала" поделился своими ожиданиями. Наставник ожидает трудный матч.
"Прежде всего, мы чувствуем гордость. Нам повезло, нам выпал честь представлять великий клуб ЦСКА, Москву, Россию, — признается Итудис, которого цитирует официальный сайт армейцев. – Мы знаем свои обязательства и ожидания болельщиков. Нам предстоит клуб с великой историей, игроками, тренерами и системой. Это еще одна гора, на которую нам предстоит вскарабкаться. Мы знаем все трудности, которые нас ждут впереди. Мы настроены решительно. Мы готовы".
Напомним, что матч "Финала четырех" между московским ЦСКА и мадридским "Реалом" состоится 17 мая в испанкой Витории. Начало поединка – в 22:00 по московскому времени. В другом полуфинале встретятся турецкие клубы "Фенербахче" и "Анадолу Эфес".]]></text>
</doc>
