<?xml version='1.0' encoding='UTF-8'?>
<doc>
  <source><![CDATA[https://www.vesti.ru/doc.html?id=3149709&cid=680]]></source>
  <category verify="true" type="list" auto="true">
    <item type="str"><![CDATA[Новости]]></item>
    <item type="str"><![CDATA[Спорт]]></item>
    <item type="str"><![CDATA[Все видео этой рубрики]]></item>
  </category>
  <title verify="true" type="str" auto="true"><![CDATA[Интер и Конте подписали предварительный контракт]]></title>
  <text verify="true" type="str" auto="true"><![CDATA[Миланский "Интер" подписал предварительный контракт с итальянским специалистом Антонио Конте, предыдущим местом которого был лондонский "Челси". Руководство "нерадзурри" будет платить Конте 10 миллионов евро в год.
Эта сумма сделает его вторым самым высокооплачиваемым наставником в чемпионате Италии, сообщает Спорт24.Ru со ссылкой на итальянского журналиста Танкреди Палмери. Первое место по заработку в турнире у бывшего тренера "Интера" Жозе Моуриньо, который ежегодно зарабатывал 11 миллионов евро.
Официально стороны подпишут контракт 28 мая. Однако на данный момент остается неизвестным на какой срок будет подписано соглашение.
Напомним, что нынешним наставником "Интера" является бывший главный тренер "Зенита" Лучано Спаллетти. Под его руководством команда за тур до завершения чемпионата занимает четвертую строчку.]]></text>
</doc>
