<?xml version='1.0' encoding='UTF-8'?>
<doc>
  <source><![CDATA[https://www.vesti.ru/doc.html?id=3149955&cid=7]]></source>
  <category verify="true" type="list" auto="true">
    <item type="str"><![CDATA[Новости]]></item>
    <item type="str"><![CDATA[Общество]]></item>
    <item type="str"><![CDATA[Все видео этой рубрики]]></item>
  </category>
  <title verify="true" type="str" auto="true"><![CDATA[Российские стратеги опять пролетели вдоль побережья Аляски]]></title>
  <text verify="true" type="str" auto="true"><![CDATA[Пара российских стратегических ракетоносцев Ту-95МС еще раз пролетела над акваториями Чукотского, Берингова и Охотского морей, а также вдоль побережья Аляски. На некоторых участках маршрута их опять же сопровождали истребители F-22 ВВС Соединенных Штатов, сообщает Министерство обороны России.
Весь полет занял 11 часов, добавляют военные. Маршрут был проложен с учетом всех международных правил и проходил исключительно над нейтральными водами.
Напомним, аналогичный полет состоялся 21 мая. Только в нем участвовали 4 ракетоносца Ту-95МС. В оборонном ведомстве пояснили, что подобные операции проводятся регулярно.]]></text>
</doc>
