<?xml version='1.0' encoding='UTF-8'?>
<doc>
  <source><![CDATA[https://www.vesti.ru/doc.html?id=3148036&cid=5]]></source>
  <category verify="true" type="list" auto="true">
    <item type="str"><![CDATA[Новости]]></item>
    <item type="str"><![CDATA[Политика]]></item>
    <item type="str"><![CDATA[Все видео этой рубрики]]></item>
  </category>
  <title verify="true" type="str" auto="true"><![CDATA[Порошенко подписал указ о подготовке инаугурации Зеленского]]></title>
  <text verify="true" type="str" auto="true"><![CDATA[Действующий президент Украины Петр Порошенко подписал указ по обеспечении проведения мероприятий, связанных с инаугурацией Владимира Зеленского.
Как сообщает РИА Новости, Порошенко поручил создать организационный комитет, который в двухдневный срок должен утвердить план инаугурации. Министерству иностранных дел поручено принять меры по приглашению иностранных делегаций, а МВД – усилить охрану общественного порядка.
Инаугурация Зеленского пройдет 20 мая. Сам он предлагал провести ее днем ранее – 19 мая. Однако противники проведения торжественной церемонии напомнили, что это день национальной памяти жертв политических репрессий.]]></text>
</doc>
