<?xml version='1.0' encoding='UTF-8'?>
<doc>
  <source><![CDATA[https://www.vesti.ru/doc.html?id=3147984&cid=7]]></source>
  <category verify="true" type="list" auto="true">
    <item type="str"><![CDATA[Новости]]></item>
    <item type="str"><![CDATA[Общество]]></item>
    <item type="str"><![CDATA[Все видео этой рубрики]]></item>
  </category>
  <title verify="true" type="str" auto="true"><![CDATA[Церемония прощания с Сергеем Доренко пройдет в 1100 на Троекуровском кладбище]]></title>
  <text verify="true" type="str" auto="true"><![CDATA[Прощание с Сергеем Доренко пройдет в 11 часов утра сегодня, 17 мая, на Троекуровском кладбище. Тело журналиста кремируют.
Проститься со знаменитым журналистом, главным редактором радиостанции "Говорит Москва" планировали еще 12 мая. Но была запрошена дополнительная медицинская экспертиза. Химико-биологическая экспертиза не выявила следов отравления Доренко. Было подтверждено, что официальной причиной смерти стал разрыв аневризмы грудной аорты.
Сергей Доренко умер вечером 9 мая. Ему стало плохо, когда он ехал на мотоцикле по центру Москвы. Доренко было 59 лет.]]></text>
</doc>
