<?xml version='1.0' encoding='UTF-8'?>
<doc>
  <source><![CDATA[https://www.vesti.ru/doc.html?id=3150220&cid=680]]></source>
  <category verify="true" type="list" auto="true">
    <item type="str"><![CDATA[Новости]]></item>
    <item type="str"><![CDATA[Спорт]]></item>
    <item type="str"><![CDATA[Все видео этой рубрики]]></item>
  </category>
  <title verify="true" type="str" auto="true"><![CDATA[Илья Воробьев сборная США – хороший соперник с очень сильным составом]]></title>
  <text verify="true" type="str" auto="true"><![CDATA[В четвертьфинале чемпионата мира по хоккею с шайбой сборная России сыграет с США. Главный тренер российской национальной команды Илья Воробьев поделился впечатлениями от предстоящего противостояния с американцами.
"Продолжаем смотреть и разбирать сборную США. Ребятам все покажем. Хороший соперник, очень сильный состав, – приводит слова Воробьева пресс-служба ФХР. – Но нам надо играть в свою игру. Кого можно выделить в их составе? С 88-м номером на спине парень неплохой. Вообще там есть очень мастеровитые ребята, много повидавшие в хоккее".
"Рады ли, что не пришлось ехать в Кошице на четвертьфинал? Большой плюс, что не надо пять часов в другой город на поезде добираться, или как-то еще. Пару лет назад приходилось по ходу турнира из Кельна в Париж переезжать, было не очень. Здорово, что сейчас готовимся спокойно, в штатном рабочем режиме".
Напомним, матч Россия – США состоится в четверг, 23 мая и пройдет на льду арены имени Ондрея Непелы в словацком городе Братислава. Начало – в 17:15 по московскому времени.]]></text>
</doc>
