<?xml version='1.0' encoding='UTF-8'?>
<doc>
  <source><![CDATA[https://www.vesti.ru/doc.html?id=3150769&cid=680]]></source>
  <category verify="true" type="list" auto="true">
    <item type="str"><![CDATA[Новости]]></item>
    <item type="str"><![CDATA[Спорт]]></item>
    <item type="str"><![CDATA[Все видео этой рубрики]]></item>
  </category>
  <title verify="true" type="str" auto="true"><![CDATA[Эвертон объявил о переходе 30-летнего вратаря Хаддерсфилда]]></title>
  <text verify="true" type="str" auto="true"><![CDATA[Голкипер "Хаддерсфилда" Йонас Лессль продолжит карьеру в "Эвертоне". 30-летний вратарь присоединится к "ирискам" на правах свободного агента 1 июля, когда завершится его текущее соглашение с "терьерами".
Датский голкипер уже подписал с "Эвертоном" предварительное трехлетнее соглашение, рассчитанное до июня 2022 года.
В минувшем сезоне Лессль в составе "Хаддерсфилда" принял участие в 32 играх во всех турнирах и пропустил 56 мячей. Также на его счету один матч за сборную Дании.
🔵 | @JonasLoessl will join #EFC on 1 July, signing a three-year contract until the end of June 2022!
— Everton (@Everton) 24 мая 2019 г.]]></text>
</doc>
