<?xml version='1.0' encoding='UTF-8'?>
<doc>
  <source><![CDATA[https://www.vesti.ru/doc.html?id=3147988&cid=8]]></source>
  <category verify="true" type="list" auto="true">
    <item type="str"><![CDATA[Новости]]></item>
    <item type="str"><![CDATA[Происшествия]]></item>
    <item type="str"><![CDATA[Все видео этой рубрики]]></item>
  </category>
  <title verify="true" type="str" auto="true"><![CDATA[В Рязанской области поймали автомобильных мошенников]]></title>
  <text verify="true" type="str" auto="true"><![CDATA[В Рязанской области задержали очередных автомобильных мошенников. Они продавали комплектующие из Европы по низким ценам. Объявления о продаже они размещали на интернет-сайтах. При заказе требовалось внести предоплату — 50 процентов от стоимости.
После заключения договора и получения денег начиналось самое интересное. Злоумышленники сообщали, что товар доставить невозможно, и предлагали выбрать более дорогие комплектующие — конечно, за дополнительную плату. С клиентами, которые требовали вернуть деньги, связь прекращалась.
Кроме того, мошенники периодически меняли местоположение офисов и реквизиты организаций, а также адреса интернет-сайтов, передает телеканал "Россия 24".]]></text>
</doc>
