<?xml version='1.0' encoding='UTF-8'?>
<doc>
  <source><![CDATA[https://www.vesti.ru/doc.html?id=3149988&cid=680]]></source>
  <category verify="true" type="list" auto="true">
    <item type="str"><![CDATA[Новости]]></item>
    <item type="str"><![CDATA[Спорт]]></item>
    <item type="str"><![CDATA[Все видео этой рубрики]]></item>
  </category>
  <title verify="true" type="str" auto="true"><![CDATA[В дортмундской Боруссии еще один новичок]]></title>
  <text verify="true" type="str" auto="true"><![CDATA[Полузащитник сборной Германии Юлиан Брандт перешел из "Байера" в дортмундскую "Боруссию". 23-летний футболист подписал пятилетний контракт.
Подробности перехода Брандта пока неизвестны. В прошлом сезоне Юлиан сыграл 43 матча, в которых забил 10 мячей и отдал 17 голевых передач.
Брандт стал третьи новичком "Боруссии" в нынешнем межсезонье. Ранее ряды вице-чемпионов Германии пополнили защитник "Хоффенхайма" Нико Шульц и полузащитник менхенгладбахской "Боруссии" Торган Азар.]]></text>
</doc>
