<?xml version='1.0' encoding='UTF-8'?>
<doc>
  <source><![CDATA[https://www.vesti.ru/doc.html?id=3148348&cid=680]]></source>
  <category verify="true" type="list" auto="true">
    <item type="str"><![CDATA[Новости]]></item>
    <item type="str"><![CDATA[Спорт]]></item>
    <item type="str"><![CDATA[Все видео этой рубрики]]></item>
  </category>
  <title verify="true" type="str" auto="true"><![CDATA[Александр Овечкин номинирован на лучшую улыбку в НХЛ]]></title>
  <text verify="true" type="str" auto="true"><![CDATA[Нападающий сборной России по хоккею и клуба "Вашингтон Кэпиталз" Александр Овечкин включен в список номинантов на звание "Лучшая улыбка НХЛ" по версии болельщиков. Конкурировать россиянин будет с тремя другими номинантами.
Кроме Овечкина в номинацию также попали Джейсон Демерс из "Аризоны Койотс", Джефф Картер из "Лос-Анджелес Кингз" и Дастин Бафлин из "Виннипег Джетс", сообщает официальный сайт НХЛ. Каждый из игроков отличается традиционной для хоккея улыбкой, в которой отсутствует пара передних зубов.
Can't go wrong with any of these beauties for Best Hockey Smile! 😁 #NHLFanChoice

VOTE NOW ➡️ https://t.co/nyeIMquo6y pic.twitter.com/WjpZMZpe5z
— NHL (@NHL) 17 мая 2019 г.
Напомним, что на данный момент Овечкин находится в расположении сборной России, которая выступает на чемпионате мира. "Красная машина" имеет четыре победы в четырех матчах. В субботу, 18 мая, россияне сыграют с командой Латвии. Начало матча – в 13:15 по московскому времени.]]></text>
</doc>
