<?xml version='1.0' encoding='UTF-8'?>
<doc>
  <source><![CDATA[https://www.vesti.ru/doc.html?id=3150161&cid=680]]></source>
  <category verify="true" type="list" auto="true">
    <item type="str"><![CDATA[Новости]]></item>
    <item type="str"><![CDATA[Спорт]]></item>
    <item type="str"><![CDATA[Все видео этой рубрики]]></item>
  </category>
  <title verify="true" type="str" auto="true"><![CDATA[Орлов о матче с США обе команды готовы показывать свой лучший хоккей]]></title>
  <text verify="true" type="str" auto="true"><![CDATA[В четвертьфинале чемпионата мира по хоккею с шайбой сборная России сыграет с США. Защитник российской национальной команды Дмитрий Орлов поделился впечатлениями от предстоящего противостояния с американцами.
"Настраиваемся на четвертьфинал. У нас есть время отдохнуть, восстановиться. Нас ждет очень интересный матч. Обе команды готовы показывать свой лучший хоккей, – приводит слова Орлова пресс-служба ФХР. – Следил ли за матчами американцев? Нет, лично я не смотрел. Но на командном собрании нам покажут их слабые стороны и расскажут, как играть против них".
Также Орлов сообщил, что в четвертьфинале без разницы, с кем играть, так как все будут играть. Помимо этого, Дмитрий рассказал, как обыграть такого сильно игрока как Патрик Кейн: "нельзя давать ему много пространства, играть ближе. Нужно постоянно держать шайбу под контролем".
Напомним, матч Россия – США состоится в четверг, 23 мая и пройдет на льду арены имени Ондрея Непелы в словацком городе Братислава. Начало – в 17:15 по московскому времени.]]></text>
</doc>
