<?xml version='1.0' encoding='UTF-8'?>
<doc>
  <source><![CDATA[https://www.vesti.ru/doc.html?id=3148302&cid=8]]></source>
  <category verify="true" type="list" auto="true">
    <item type="str"><![CDATA[Новости]]></item>
    <item type="str"><![CDATA[Происшествия]]></item>
    <item type="str"><![CDATA[Все видео этой рубрики]]></item>
  </category>
  <title verify="true" type="str" auto="true"><![CDATA[Пьяные гоняли момент смертельного ДТП в Тюмени попал на видео]]></title>
  <text verify="true" type="str" auto="true"><![CDATA[В Тюмени вчера легковушка вылетела на главную дорогу, столкнулась с грузовым фургоном и впечаталась в столб.
Инцидент произошел 16 мая на перекрестке улиц Зои Космодемьянской и Панфиловцев, когда хэтчбек Mitsubishi на большой скорости вылетел со второстепенной дороги, оканчивающейся тупиком.
  В легковушке находились пятеро молодых людей, по словам очевидцев им около 20-25 лет. Четверых, включая водителя, госпитализировали. Один пассажир скончался на месте.
Один из пользователей местного сообщества в социальной сети, утверждая, что видел легковушку незадолго до аварии, заметил: "Они пьяные гоняли по частному сектору". В ГИБДД эту информацию пока не подтверждают и не опровергают.
К настоящему времени известно, что одного из пострадавших экстренно прооперировали. Остальные выжившие отделались переломами и ушибами.]]></text>
</doc>
