<?xml version='1.0' encoding='UTF-8'?>
<doc>
  <source><![CDATA[https://www.vesti.ru/doc.html?id=3148237&cid=680]]></source>
  <category verify="true" type="list" auto="true">
    <item type="str"><![CDATA[Новости]]></item>
    <item type="str"><![CDATA[Спорт]]></item>
    <item type="str"><![CDATA[Все видео этой рубрики]]></item>
  </category>
  <title verify="true" type="str" auto="true"><![CDATA[Арестованы два члена директората хоккейного Торпедо]]></title>
  <text verify="true" type="str" auto="true"><![CDATA[В нижегородский хоккейный клуб "Торпедо" пришли правоохранители. Задержаны два члена директората команды — исполнительный директор Сергей Малютин и финансовый директор Наталия Еремина. Они могут стать фигурантами уголовного дела о растрате.
При этом представитель Следственного комитета по Нижегородской области Алексей Воронин, которого цитирует "Интерфакс", сообщил, что Малютину вменяют нарушения по статье "Присвоение или растрата, совершенная организованной группой либо в особо крупном размере".
О роли Ереминой в этом деле не сообщается, неясно также, будут ли два ответственных лица хоккейного клуба подельниками или их задержания не связаны друг с другом.]]></text>
</doc>
