<?xml version='1.0' encoding='UTF-8'?>
<doc>
  <source><![CDATA[https://www.vesti.ru/doc.html?id=3150759&cid=8]]></source>
  <category verify="true" type="list" auto="true">
    <item type="str"><![CDATA[Новости]]></item>
    <item type="str"><![CDATA[Происшествия]]></item>
    <item type="str"><![CDATA[Все видео этой рубрики]]></item>
  </category>
  <title verify="true" type="str" auto="true"><![CDATA[В Челябинской области 70-летний водитель сбил школьницу на зебре. Видео]]></title>
  <text verify="true" type="str" auto="true"><![CDATA[Управление ГИБДД по Челябинской области распространило видео аварии, произошедшей в городе Юрюзань, в котором попросило водителей и пешеходов быть внимательными и осторожными.
  Инцидент произошел в минувший четверг, 23 мая: 70-летний водитель двигался под уклон на легковом автомобиле и сбил 13-летнюю школьницу на нерегулируемом пешеходном переходе, едва не задев при этом еще и мужчину с ребенком.
Девочка получила травмы и была госпитализирована, о ее состоянии не сообщается.]]></text>
</doc>
