<?xml version='1.0' encoding='UTF-8'?>
<doc>
  <source><![CDATA[https://www.vesti.ru/doc.html?id=3150055&cid=8]]></source>
  <category verify="true" type="list" auto="true">
    <item type="str"><![CDATA[Новости]]></item>
    <item type="str"><![CDATA[Происшествия]]></item>
    <item type="str"><![CDATA[Все видео этой рубрики]]></item>
  </category>
  <title verify="true" type="str" auto="true"><![CDATA[Появилось видео последствий аварии на Минском шоссе]]></title>
  <text verify="true" type="str" auto="true"><![CDATA[Авария с грузовиком в Подмосковье, которая перекрыла Минское шоссе, произошла из-за столкновения с уборочной машиной.
ДТП произошло на 47-м километре Минской трассы, неподалеку от деревни Бутынь. По предварительным данным грузовик, перевозивший песок, в 17.00 мск столкнулся с автомобилем "Мерседес", который двигался в попутном направлении, после чего опрокинулся на бок и загорелся.
По предварительным данным, пострадавших нет.
По сообщению Центра организации дорожного движения, движение автотранспорта в районе 3-го километра внешней стороны МКАД восстановлено.
Ранее сообщалось, что движение по Минскому шоссе перекрыто в обоих направлениях.]]></text>
</doc>
