<?xml version='1.0' encoding='UTF-8'?>
<doc>
  <source><![CDATA[https://www.vesti.ru/doc.html?id=3148366&cid=680]]></source>
  <category verify="true" type="list" auto="true">
    <item type="str"><![CDATA[Новости]]></item>
    <item type="str"><![CDATA[Спорт]]></item>
    <item type="str"><![CDATA[Все видео этой рубрики]]></item>
  </category>
  <title verify="true" type="str" auto="true"><![CDATA[Словацкие хоккеисты оказались сильнее французов]]></title>
  <text verify="true" type="str" auto="true"><![CDATA[На проходящем в Словакии чемпионате мира по хоккею сыграно две встречи. В Кошице хозяева турнира словаки обыграли сборную Франции 6:3, а в Братиславе норвежская команда взяла верх над австрийцами 5:3.
Словаки к 25 минуте выигрывали 3:0, но потом расслабились и пропустили две шайбы. Однако в третьем периоде хозяева чемпионата мира забросили три шайбы, на что французы ответили одним голом. Сборная Словакии выиграла 6:3, набрала 6 очков и занимает 5 место в группе А. У французов одно очко и седьмая позиция.
Свою первую победу на турнире одержала сборная Норвегии, оказавшаяся сильнее сборной Австрии 5:3. У норвежцев 3 очка и шестое место в группе В. Австрийцы проиграли все пять встреч и идут седьмыми.]]></text>
</doc>
