<?xml version='1.0' encoding='UTF-8'?>
<doc>
  <source><![CDATA[https://www.vesti.ru/doc.html?id=3149738&cid=8]]></source>
  <category verify="true" type="list" auto="true">
    <item type="str"><![CDATA[Новости]]></item>
    <item type="str"><![CDATA[Происшествия]]></item>
    <item type="str"><![CDATA[Все видео этой рубрики]]></item>
  </category>
  <title verify="true" type="str" auto="true"><![CDATA[В Москве на Мытной улице произошел провал грунта]]></title>
  <text verify="true" type="str" auto="true"><![CDATA[В Москве на Мытной улице произошел провал грунта. Движение транспорта на этом участке дороги затруднено.
Как сообщили очевидцы, ширина провала составляет около 2,5 метров, передает ТАСС.
Сотрудники МЧС и ГИБДД работают на месте ЧП.]]></text>
</doc>
