<?xml version='1.0' encoding='UTF-8'?>
<doc>
  <source><![CDATA[https://www.vesti.ru/doc.html?id=3149849&cid=8]]></source>
  <category verify="true" type="list" auto="true">
    <item type="str"><![CDATA[Новости]]></item>
    <item type="str"><![CDATA[Происшествия]]></item>
    <item type="str"><![CDATA[Все видео этой рубрики]]></item>
  </category>
  <title verify="true" type="str" auto="true"><![CDATA[Утонувшая зажигалка взорвалась и ошпарила кипятком китайскую официантку. Видео]]></title>
  <text verify="true" type="str" auto="true"><![CDATA[В китайском ресторане сети "Хайдилао" официантка вылавливала утонувшую в горячей еде зажигалку, когда та взорвалась и обдала сотрудницу заведения кипятком.
За минуту до происшествия, посетительница ресторана уронила в таз с кипящим рагу зажигалку и попросила официантку о помощи.
  Инцидент произошел в Куньмине в начале мая, однако кадры, снятые камерой наблюдения, были опубликованы лишь спустя пару недель. Пострадавшая была доставлена в больницу с ожогами, в настоящее время она идет на поправку.
Заведения сети ресторанов "Хайдилао" открыты в четырех странах. В них работают около 15 тысяч человек. Годовой оборот компании превышает три миллиарда юаней.]]></text>
</doc>
