<?xml version='1.0' encoding='UTF-8'?>
<doc>
  <source><![CDATA[https://www.vesti.ru/doc.html?id=3150096&cid=680]]></source>
  <category verify="true" type="list" auto="true">
    <item type="str"><![CDATA[Новости]]></item>
    <item type="str"><![CDATA[Спорт]]></item>
    <item type="str"><![CDATA[Все видео этой рубрики]]></item>
  </category>
  <title verify="true" type="str" auto="true"><![CDATA[УНИКС выиграл у Химок первый полуфинал Единой лиги]]></title>
  <text verify="true" type="str" auto="true"><![CDATA[В баскетбольной Единой лиге ВТБ стартовали матчи полуфинальных серий. В первом из них в Казани местный УНИКС одержал победу над подмосковными "Химками". Встреча завершилась победой казанцев со счетом 96:91.
На протяжении большей части матча химчане вели в счете, но в заключительном игровом отрезке хозяева площадки совершили рывок в +15 очков и смогли вырвать победу у соперника из Подмосковья.
Самым результативным игроком в составе победителей стал игрок УНИКСа Рэймар Морган, в активе которого 22 очка. Однако наибольшую результативность продемонстрировал защитник "Химок" Алексей Швед, который набрал 36 баллов.
Следующий поединок между командами состоится также в Казани 24 мая. В другой полуфинальной паре 23 мая встретятся московский ЦСКА и петербургский "Зенит".]]></text>
</doc>
