<?xml version='1.0' encoding='UTF-8'?>
<doc>
  <source><![CDATA[https://www.vesti.ru/doc.html?id=3150418&cid=680]]></source>
  <category verify="true" type="list" auto="true">
    <item type="str"><![CDATA[Новости]]></item>
    <item type="str"><![CDATA[Спорт]]></item>
    <item type="str"><![CDATA[Все видео этой рубрики]]></item>
  </category>
  <title verify="true" type="str" auto="true"><![CDATA[Россия – США. Первый период завершился в пользу россиян]]></title>
  <text verify="true" type="str" auto="true"><![CDATA[В рамках 1/4 финала чемпионата мира по хоккею с шайбой сборная России на льду арены имени Ондрея Непелы в словацком городе Братислава встречается с национальной командой США. Первый период завершился со счетом 2:0 в пользу подопечных Ильи Воробьева.
Счет в матче уже на 68-й секунде открыл нападающий Никита Гусев, которому ассистировали Михаил Сергачев и Никита Кучеров. Удвоил преимущество россиян за четыре минуты до конца периода Сергачев, голевую передачу на свой счет записал Гусев.
🚨 1:07 in and @russiahockey is on the board thanks to a nice rebound Nikita Gusev! #IIHFWorlds

Stay up to the minute with game action with the IIHF App:
 https://t.co/PDQtNtuJxc
▶️ https://t.co/yImldTg3TU pic.twitter.com/DxIfoq17oX
— IIHF (@IIHFHockey) 23 мая 2019 г.
🥅 WOAH! Watch that again...

Another big chance for @russiahockey as the puck bounces of the pad of Cory Schneider but a lucky deflection straight down keeps Russia at a single goal. #IIHFWorlds @usahockey pic.twitter.com/z9EHNw8kWP
— IIHF (@IIHFHockey) 23 мая 2019 г.]]></text>
</doc>
