<?xml version='1.0' encoding='UTF-8'?>
<doc>
  <source><![CDATA[https://www.vesti.ru/doc.html?id=3150180&cid=7]]></source>
  <category verify="true" type="list" auto="true">
    <item type="str"><![CDATA[Новости]]></item>
    <item type="str"><![CDATA[Общество]]></item>
    <item type="str"><![CDATA[Все видео этой рубрики]]></item>
  </category>
  <title verify="true" type="str" auto="true"><![CDATA[Стоять и ждать спасатели напомнили о правилах поведения потерявшихся детей]]></title>
  <text verify="true" type="str" auto="true"><![CDATA[Доброволец поисково-спасательного отряда "Лиза Алерт" Алена Ярушина в преддверие Международного дня пропавших детей, который отмечается 25 мая, дала советы об основах безопасности поведения в общественных местах.
Самое главное, что должен знать ребенок, — если он потерял родителей, он должен оставаться на месте. Взрослый должен искать ребенка, а не ребенок взрослого.
Если ребенок потерялся в торговом центре, ему нужно обратиться к ближайшему охраннику либо к продавцу. Если это произошло на улице – обратиться за помощью к полицейскому либо к человеку с ребенком.
Детям нужно объяснить, что нельзя никуда и ни с кем уходить, даже со знакомыми, а также, если уговаривают или заманивают чем-то. Кроме того, ребенок должен знать наизусть телефон родителей, а также придумать специальное слово-пароль, которое будут знать только ребенок и родители.
"Чтобы понять, что действительно там, в телефоне, разговаривает именно твоя мама, а не кто-то другой посторонний человек, — рассказала волонтер РИА Новости. — И, поговорив с мамой, нужно сказать, что я буду стоять ждать тебя здесь, я никуда не уйду ни с кем, и действительно стоять и ждать".]]></text>
</doc>
