<?xml version='1.0' encoding='UTF-8'?>
<doc>
  <source><![CDATA[https://www.vesti.ru/doc.html?id=3150040&cid=7]]></source>
  <category verify="true" type="list" auto="true">
    <item type="str"><![CDATA[Новости]]></item>
    <item type="str"><![CDATA[Общество]]></item>
    <item type="str"><![CDATA[Все видео этой рубрики]]></item>
  </category>
  <title verify="true" type="str" auto="true"><![CDATA[Пермская гимназия снова отличилась проходной балл для мальчиков оказался ниже]]></title>
  <text verify="true" type="str" auto="true"><![CDATA[Пермскую городскую гимназию №4 проверят на предмет заниженного вступительного балла для мальчиков. Ранее СМИ распространили фотографии выписки из решения приемной комиссии, в которой проходной балл для мальчиков был ниже, чем для девочек.
"Информацию о разных балах в четвертой гимназии мы проверим", — пообещала ТАСС представитель Департамент образования администрации Перми.
В ведомстве также напомнили, что прием детей, закрепленных за конкретной территорией, является обязательным. А для приема на свободные места учреждение вправе разрабатывать локальные правила.
"У них этот локально нормативный акт есть, где прописано, что прием осуществляется на основании психолого-педагогического наблюдения, и на основании этого формируется список", — объяснили в департаменте.
Между тем, уполномоченный по правам ребенка в Пермском крае Светлана Денисова, комментируя ситуацию, указала, что ни в федеральном, ни в краевом законодательстве не предусмотрены никакие гендерные критерии отбора, поэтому условия приема должны быть равны для всех детей.
Осенью 2018 года эта пермская гимназия уже стала известна на всю страну из-за скандала с одной из учениц. Руководство отстранило 15-летнюю школьницу от занятий из-за покрашенных в розовый цвет волос. Данный инцидент вызвал широкий общественный резонанс. В итоге мировой суд оштрафовал учебное заведение и его директора на 50 и 30 тысяч рублей соответственно.]]></text>
</doc>
