<?xml version='1.0' encoding='UTF-8'?>
<doc>
  <source><![CDATA[https://www.vesti.ru/doc.html?id=3150039]]></source>
  <category verify="true" type="list" auto="true">
    <item type="str"><![CDATA[Новости]]></item>
  </category>
  <title verify="true" type="str" auto="true"><![CDATA[В штате Вашингтон теперь можно пускать человеческие останки на удобрение]]></title>
  <text verify="true" type="str" auto="true"><![CDATA[Вашингтон стал первым штатом в США, который узаконил превращение человеческих останков в компост. Согласно новому закону, жители западного штата смогут сами распоряжаться своим телом после смерти, в том числе завещать, чтобы их останки превратились в почву.
Закон лоббировала Катрина Спейд. Ее компания Recompose освоила технологию преобразования останков человека в плодородный компост. Принцип технологии состоит в том, что тело помещается в стальной шестиугольный контейнер, заполненный люцерной, древесной щепой и соломой. Затем контейнер закрывают, а тело оставляют разлагаться естественным образом на срок не более 30 дней. После этого в контейнере получается компост, количество которого соответствует примерно двум тачкам. Его выдают близким умершего, которые могут посадить в нем цветы, овощи или деревья, сообщает BBC.
Останки человека, превращенные в компост, это экологичная альтернатива привычному захоронению или кремированию. Такая технология сможет стать решением проблемы для тех городов, где присутствует нехватка в местах для захоронения или место для кладбищ ограничено. Сама Катрина Спейд считает, что данный способ позволит сократить углеродные выбросы и землепользование.
К слову, экологически чистые альтернативы захоронения становятся более распространенными. Например, умерший актер из телесериала "Беверли-Хиллз, 90210" Люк Перри был похоронен в "грибном костюме". Создатель костюма Джей Рим Ли утверждает, что такой способ позволяет уменьшить количество токсичных загрязняющих веществ, которые выбрасываются в окружающую среду во время разложения тела.
Метод преобразования человеческих останков в компост уже узаконен в Швеции. Также в Великобритании разрешается хоронить человека без гроба или в гробу из биоразлагаемых материалов.]]></text>
</doc>
