<?xml version='1.0' encoding='UTF-8'?>
<doc>
  <source><![CDATA[https://www.vesti.ru/doc.html?id=3148193&cid=5]]></source>
  <category verify="true" type="list" auto="true">
    <item type="str"><![CDATA[Новости]]></item>
    <item type="str"><![CDATA[Политика]]></item>
    <item type="str"><![CDATA[Все видео этой рубрики]]></item>
  </category>
  <title verify="true" type="str" auto="true"><![CDATA[Путин сообщил о создании боевых лазерных комплексов]]></title>
  <text verify="true" type="str" auto="true"><![CDATA[Президент Владимир Путин на совещании по военной тематике в Сочи заявил о создании боевых лазерных комплексов тактического уровня.
По его словам, тип оружия, который раньше встречался только в фантастических рассказах, теперь создан на практике. Он подчеркнул, что такие виды оружия в ближайшие десятилетия и даже на весь XXI век будут определять боевой потенциал российской армии и флота, сообщает "Россия 24".
Кроме того, Путин предложил рассмотреть первые практические результаты испытаний лазерного оружия "Пересвет" и гиперзвуковой установки "Кинжал", а также межведомственную программу "Перспективная морская электроэнергетика". По мнению президента, перспективные разработки в морской электроэнергетике могут использоваться в гражданских сферах и в некоторых регионах, например, в Арктике, которая имеет "историческое и стратегическое значение".

Сегодняшнее совещание стало итоговым в серии весенних консультаций с военными и представителями предприятий оборонной отрасли. Встречи посвящены развитию воздушно-космических сил страны. Ранее Путин посетил авиазавод в Казани и летно-испытательный центр в Ахтубинске. Там его самолет сопровождали шесть Су-57. На предыдущем совещании говорили о развитии космической сферы. Глава государства поставил задачу не эксплуатировать старые заделы, а двигаться вперед.]]></text>
</doc>
