<?xml version='1.0' encoding='UTF-8'?>
<doc>
  <source><![CDATA[https://www.vesti.ru/doc.html?id=3147964&cid=8]]></source>
  <category verify="true" type="list" auto="true">
    <item type="str"><![CDATA[Новости]]></item>
    <item type="str"><![CDATA[Происшествия]]></item>
    <item type="str"><![CDATA[Все видео этой рубрики]]></item>
  </category>
  <title verify="true" type="str" auto="true"><![CDATA[В Турции перевернулся грузовик с мигрантами пять человек погибли, 37 ранены]]></title>
  <text verify="true" type="str" auto="true"><![CDATA[В провинции Ван на востоке Турции в результате дорожно-транспортного происшествия не менее пяти человек погибли и еще 37 получили травмы различной степени тяжести. Такие данные сообщает Анатолийское агентство.
Как уточняется, грузовик, перевозивший нелегальных мигрантов, перевернулся на дороге.
К месту происшествия прибыли 11 машин скорой помощи, передает ТАСС. Всех пострадавших госпитализировали.
В настоящее время правоохранители выясняют причину случившегося.]]></text>
</doc>
