<?xml version='1.0' encoding='UTF-8'?>
<doc>
  <source><![CDATA[https://www.vesti.ru/doc.html?id=3150112&cid=8]]></source>
  <category verify="true" type="list" auto="true">
    <item type="str"><![CDATA[Новости]]></item>
    <item type="str"><![CDATA[Происшествия]]></item>
    <item type="str"><![CDATA[Все видео этой рубрики]]></item>
  </category>
  <title verify="true" type="str" auto="true"><![CDATA[ДТП на западе Москвы четыре человека пострадали]]></title>
  <text verify="true" type="str" auto="true"><![CDATA[На Живописном мосту в Москве произошло дорожно-транспортное происшествие с участием четырех автомобилей. Об этом СМИ сообщил источник в правоохранительных органах столицы.
Как уточняется, в результате аварии получили ранения четыре человека. В настоящее время на месте работают сотрудники ДПС, передает ТАСС.]]></text>
</doc>
