<?xml version='1.0' encoding='UTF-8'?>
<doc>
  <source><![CDATA[https://www.vesti.ru/doc.html?id=3150306&cid=680]]></source>
  <category verify="true" type="list" auto="true">
    <item type="str"><![CDATA[Новости]]></item>
    <item type="str"><![CDATA[Спорт]]></item>
    <item type="str"><![CDATA[Все видео этой рубрики]]></item>
  </category>
  <title verify="true" type="str" auto="true"><![CDATA[Россиянки Жук и Самсонова вышли в финал квалификации Roland Garros]]></title>
  <text verify="true" type="str" auto="true"><![CDATA[Российская теннисистка, 169-я ракетка мира Софья Жук в полуфинале квалификации Открытого чемпионата Франции в трех сетах за два часа 12 минут обыграла представительницу Лихтенштейна Катинку фон Дайхманн со счетом 6:3, 3:6, 6:4.
Россиянка допустила четыре двойных ошибки и реализовала шесть брейк-пойнтов из 17, а у фон Дайхманн, занимающей 218-е место в рейтинге WTA, три двойные ошибки и семь реализованных брейков из 13.
В параллельной игре второго круга квалификации Roland Garros Людмила Самсонова (161) переиграла американку Сачию Викери (136) – 7:5, 6:2, а еще одна россиянка Наталья Вихлянцева (119) в трех сетах проиграла бельгийке Гретье Миннен (150) – 6:2, 2:6, 4:6.
Таким образом, в борьбе за выход в основную сетку турнира Жук сыграет с Миннен, а Самсонова встретится с чешкой Марией Боузковой (121).]]></text>
</doc>
