<?xml version='1.0' encoding='UTF-8'?>
<doc>
  <source><![CDATA[https://www.vesti.ru/doc.html?id=3150454&cid=9]]></source>
  <category verify="true" type="list" auto="true">
    <item type="str"><![CDATA[Новости]]></item>
    <item type="str"><![CDATA[В мире]]></item>
    <item type="str"><![CDATA[Все видео этой рубрики]]></item>
  </category>
  <title verify="true" type="str" auto="true"><![CDATA[Зеленский должен будет рассмотреть петицию о своей отставке]]></title>
  <text verify="true" type="str" auto="true"><![CDATA[Петиция за отставку Владимира Зеленского, размещенная на сайте президента Украины, набрала более 32 тысяч голосов к вечеру 23 мая. Чтобы петиция была рассмотрена, ей нужно набрать 25 тысяч голосов.
Автор петиции Максим Безрук считает, что у Зеленского нет "моральных обязательств перед своим народом". Пользуясь тем, что никаких "содержательных обещаний" в ходе кампании президент не давал, он, по мнению автора петиции, начинает "приписывать народной воле собственные прихоти", поэтому и должен быть отправлен в отставку.
На сайте размещена и другая петиция об отставке президента Украины, ее автор предлагает отправить Зеленского в отставку, если тот в течение полугода не выполнит своих обещаний, но она пользуется меньшей популярностью.]]></text>
</doc>
