<?xml version='1.0' encoding='UTF-8'?>
<doc>
  <source><![CDATA[https://www.vesti.ru/doc.html?id=3148266&cid=7]]></source>
  <category verify="true" type="list" auto="true">
    <item type="str"><![CDATA[Новости]]></item>
    <item type="str"><![CDATA[Общество]]></item>
    <item type="str"><![CDATA[Все видео этой рубрики]]></item>
  </category>
  <title verify="true" type="str" auto="true"><![CDATA[За превращение сына во фрукторианца блогершу хотят лишить прав]]></title>
  <text verify="true" type="str" auto="true"><![CDATA[Пользователи соцсетей требуют лишить родительских прав блогера Ксению Рязанцеву, которая решила кормить своего двухлетнего сына одними фруктами. Вот уже полгода ребенок питается исключительно размятыми в пюре бананами, яблоками и другими фруктами, а вот мясо и творожки — под запретом, сообщает НТВ.
Для самой женщины фрукторианство уже пройденный этап — сейчас она решила пойти дальше и сейчас является поклонницей ликвидарианства. По сути сторонники этой радикальной системы питания полностью отказываются от пищи и употребляют только свежевыжатые соки.
Сама Ксения рассказывает, что коренным образом поменяла свое питание как раз во время беременности. "Все началось с того, что я отказалась от секса. И сублимация дала фонтан разных идей, мыслей. Я вспомнила, что есть такие люди, как фруктоеды", — вспоминает женщина.
Муж Ксении в целом разделяет ее взгляды, теперь вот меню поменялось и у ее сына. "Он плачет, и я говорю нет. Я ему не стану запрещать, когда он войдет в период осознанности", — объясняет блогерша.
Но врачи обеспокоены — до периода осознанности ребенку с такой диетой еще надо дожить. Специалисты уверены, что исключение из меню многих необходимых для полноценного развития продуктов может негативно сказаться на его здоровье.]]></text>
</doc>
