<?xml version='1.0' encoding='UTF-8'?>
<doc>
  <source><![CDATA[https://www.vesti.ru/doc.html?id=3150828&cid=7]]></source>
  <category verify="true" type="list" auto="true">
    <item type="str"><![CDATA[Новости]]></item>
    <item type="str"><![CDATA[Общество]]></item>
    <item type="str"><![CDATA[Все видео этой рубрики]]></item>
  </category>
  <title verify="true" type="str" auto="true"><![CDATA[Осторожно, злые вороны! Москвичей предупредили об агрессивности птиц]]></title>
  <text verify="true" type="str" auto="true"><![CDATA[В Мосгорприроде призвали жителей столицы быть осторожнее и остерегаться атак агрессивных ворон.
Там пояснили, что сейчас у них время гнездования, и вороны отважно защищают свои участки. Более того: если человек вдруг приблизится к их птенцам, то вороны могут даже ринуться в бой.
Для того, чтобы этого избежать, не стоит подолгу смотреть на птенцов, не приближаться к ним, и тем более не пытаться их взять в руки.
Орнитологи напоминают: у ворон – массивные клювы, птицы они сообразительные и обычно целятся прямо в голову.
Если вы вдруг не понравились агрессивной вороне, не надо кричать и делать резких движений, а медленно отойти на безопасное расстояние.
Как сообщает "Москва 24" со ссылкой на орнитологов, если птица все-таки готовится напасть, то берите палку и держите ее на вытянутой руке, чтобы ворона напала на нее, а не на вас.]]></text>
</doc>
