<?xml version='1.0' encoding='UTF-8'?>
<doc>
  <source><![CDATA[https://www.vesti.ru/doc.html?id=3150452&cid=9]]></source>
  <category verify="true" type="list" auto="true">
    <item type="str"><![CDATA[Новости]]></item>
    <item type="str"><![CDATA[В мире]]></item>
    <item type="str"><![CDATA[Все видео этой рубрики]]></item>
  </category>
  <title verify="true" type="str" auto="true"><![CDATA[У Филарета открылись глаза на кабальные условия томоса]]></title>
  <text verify="true" type="str" auto="true"><![CDATA[Бывший глава раскольнического Киевского патриархата и почетный патриарх так называемой Православной церкви Украины (ПЦУ) Филарет (Денисенко) заявил, что не согласился бы на томос об автокефалии для ПЦУ, если бы знал его кабальные условия.
Как передает ТАСС, об этом он проинформировал общественность в интервью изданию "Новое время".
По словам Филарета, три пункта томоса ставит украинскую церковь в зависимость от Константинопольского патриархата – из-за переподчинения заграничных приходов, лишения права самостоятельно производить миро (специально приготовленное и освящённое ароматическое масло, используемое в таинстве миропомазания) и делегирование решения всех конфликтных ситуаций в Церкви Вселенскому патриархату.
Филарет сообщил, что не собирается выполнять все нововведения, с обидой подчеркнув, что ни у одной автокефальной церкви, которая получила томос от Константинопольского патриархата, нет таких ограничивающих пунктов.
6 января 2019 года Константинопольский патриарх передал главе так называемой Православной церкви Украины митрополиту Епифанию томос об автокефалии. ПЦУ образовалась 15 декабря 2018 года в Киеве на так называемом объединительном соборе, где две раскольнические организации — Киевский патриархат и Украинская автокефальная православная церковь – объявили о слияние в ПЦУ.
Русская православная церковь считает и томос об автокефалии, и "объединительный собор" в Киеве канонически ничтожными.]]></text>
</doc>
