<?xml version='1.0' encoding='UTF-8'?>
<doc>
  <source><![CDATA[https://www.vesti.ru/doc.html?id=3149808&cid=7]]></source>
  <category verify="true" type="list" auto="true">
    <item type="str"><![CDATA[Новости]]></item>
    <item type="str"><![CDATA[Общество]]></item>
    <item type="str"><![CDATA[Все видео этой рубрики]]></item>
  </category>
  <title verify="true" type="str" auto="true"><![CDATA[К 70-летию дипотношений России и Китая запустили мультимедийную акцию]]></title>
  <text verify="true" type="str" auto="true"><![CDATA[К  семидесятилетию установления дипломатических отношений между Россией и Китаем страны запустили совместную мультимедийную интерактивную акцию "Мы вместе". Новейшие технологии виртуальной реальности реализуют международное информагентство "Россия сегодня" и Центральная телерадиокорпорация Китая.
Как информирует ГТРК "Амур", принять участие в акции может каждый. Для этого в любой социальной сети или  на прямой адрес акции необходимо отправить свои фотографии или видео для двух стран-побратимов. Собранные материалы лягут в основу большой виртуальной открытки (ее будут монтировать до конца мая). Кроме того, в проект включат сюжеты местных СМИ о российско-китайских семьях, успешных биснесменах, работающих в сопредельных государствах, а также отдельные репортажи о достижениях двух стран на мировом рынке.
Текст: ГТРК "Амур"]]></text>
</doc>
