<?xml version='1.0' encoding='UTF-8'?>
<doc>
  <source><![CDATA[https://www.vesti.ru/doc.html?id=3147957&cid=5]]></source>
  <category verify="true" type="list" auto="true">
    <item type="str"><![CDATA[Новости]]></item>
    <item type="str"><![CDATA[Политика]]></item>
    <item type="str"><![CDATA[Все видео этой рубрики]]></item>
  </category>
  <title verify="true" type="str" auto="true"><![CDATA[Макрон в США больше нет правительства]]></title>
  <text verify="true" type="str" auto="true"><![CDATA[В США больше нет правительства. Об этом заявил Эммануэль Макрон на выставке инноваций в Париже. Он призвал противостоять доминированию Штатов, передает телеканал "Россия 24".
По словам лидера Пятой Республики, власть в США принадлежит частным корпорациям, над которыми нет демократического контроля. Таким образом, формальные руководители страны на самом деле ничего не решают.]]></text>
</doc>
