<?xml version='1.0' encoding='UTF-8'?>
<doc>
  <source><![CDATA[https://www.vesti.ru/doc.html?id=3149976&cid=8]]></source>
  <category verify="true" type="list" auto="true">
    <item type="str"><![CDATA[Новости]]></item>
    <item type="str"><![CDATA[Происшествия]]></item>
    <item type="str"><![CDATA[Все видео этой рубрики]]></item>
  </category>
  <title verify="true" type="str" auto="true"><![CDATA[Женщина убила хозяина квартиры в Мытищах и хотела спуститься по простыням, но разбилась]]></title>
  <text verify="true" type="str" auto="true"><![CDATA[34-летняя женщина в подмосковных Мытищах зарезала хозяина квартиры и хотела сбежать, спустившись по простыням из окна, но сорвалась и разбилась насмерть.
Как передает РИА Новости, об этом общественность проинформировали в главном следственном управлении СКР по Московской области.
Сообщается, что 21 мая на козырьке подъезда одного из жилых домов в Мытищах было найдено тело женщины. При расследовании инцидента сотрудники Следственного комитета установили, что падение произошло из окна квартиры на седьмом этаже. В этой же квартире было найден труп убитого хозяина жилплощади.
По факту случившегося возбуждено уголовное дело по статье "убийство".]]></text>
</doc>
