<?xml version='1.0' encoding='UTF-8'?>
<doc>
  <source><![CDATA[https://www.vesti.ru/doc.html?id=3150722&cid=7]]></source>
  <category verify="true" type="list" auto="true">
    <item type="str"><![CDATA[Новости]]></item>
    <item type="str"><![CDATA[Общество]]></item>
    <item type="str"><![CDATA[Все видео этой рубрики]]></item>
  </category>
  <title verify="true" type="str" auto="true"><![CDATA[В Петербурге выбирают проект памятника Даниилу Гранину]]></title>
  <text verify="true" type="str" auto="true"><![CDATA[В Петербурге выбирают проект памятника Даниилу Гранину. Установить его хотят в ноябре. Место для скульптуры уже утвердили: вблизи библиотеки, носящей имя писателя. Об этом сообщает ГТРК "Санкт-Петербург".
В конкурсе участвовали профессионалы со всех регионов России. Двадцати три работы попали в отборочный тур. В итоге жюри, возглавляемое замминистром культуры России Аллой Маниловой, допустило к финалу четыре работы. Первоначально мест было три, но эксперты приняли решение увеличить число финалистов.
Требования к будущему памятнику были достаточно свободными. Поэтому и работы, представленные жюри, оказались очень разными. Каждый увидел знаменитого писателя по-своему, изобразив его в разной стилевой манере — от классики до модерна, стоящим и сидящим, в бронзе или камне. Эксперты считают, что пока все проекты нуждаются в доработке. Кстати, по условиям конкурса имена участников не называются.
Текст: ГТРК "Санкт-Петербург"]]></text>
</doc>
