<?xml version='1.0' encoding='UTF-8'?>
<doc>
  <source><![CDATA[https://www.vesti.ru/doc.html?id=3150126&cid=7]]></source>
  <category verify="true" type="list" auto="true">
    <item type="str"><![CDATA[Новости]]></item>
    <item type="str"><![CDATA[Общество]]></item>
    <item type="str"><![CDATA[Все видео этой рубрики]]></item>
  </category>
  <title verify="true" type="str" auto="true"><![CDATA[Китаянка заплатила за новый Volkswagen Passat монетами в один юань]]></title>
  <text verify="true" type="str" auto="true"><![CDATA[В провинции Хэбэй китаянка приобрела новый автомобиль, заплатив за него более 130 тысяч юаней (порядка 18,82 тысячи долларов) монетами. Об этом сообщила газета Beijing Youth Daily.
Как уточняется, женщина купила Volkswagen Passat, стоивший около 190 тысяч юаней. Покупательница оплатила 131 492 монетами номиналом один юань (0,14 доллара), а оставшуюся сумму – другими способами, сообщает РИА Новости.
Менеджер по продажам салона Цзяо, где был приобретен автомобиль, рассказал, что деньги считали 16 человек в течение трех дней. Каждый день они начинали работу в 8:30, по очереди ходили обедать, а затем без перерывов считали до конца рабочего дня.
На фото из автосалона сотрудники сидят на полу, пересчитывая монеты и складывая их в коробки. У всех руки окрасились в черный цвет.]]></text>
</doc>
