<?xml version='1.0' encoding='UTF-8'?>
<doc>
  <source><![CDATA[https://www.vesti.ru/doc.html?id=3150120&cid=8]]></source>
  <category verify="true" type="list" auto="true">
    <item type="str"><![CDATA[Новости]]></item>
    <item type="str"><![CDATA[Происшествия]]></item>
    <item type="str"><![CDATA[Все видео этой рубрики]]></item>
  </category>
  <title verify="true" type="str" auto="true"><![CDATA[В США изготовили юбилейную монету с союзниками по Второй мировой войне без СССР]]></title>
  <text verify="true" type="str" auto="true"><![CDATA[В США частная компания Bradford Exchange, которая специализируется на изготовлении сувенирной продукции, выпустила к 75-летию с момента окончания Второй мировой войны юбилейную монету, на которой отсутствует СССР.
В описании монеты на сайте компании говорится, что на оборотной стороне монеты представлены изображения Второй мировой войны и даты ключевых побед союзников (антигитлеровской коалиции). На лицевой стороне приветствуют союзников, демонстрируя флаги Соединенных Штатов Америки, Великобритании и Франции.
СССР на монете отсутствует, передает РИА Новости. На сайте компании сообщается, что монета уже выставлена на продажу.
Представители компании отказались комментировать ситуацию, отметив, что вся информация об их продукции размещена на сайте компании, и больше им нечего добавить.]]></text>
</doc>
