<?xml version='1.0' encoding='UTF-8'?>
<doc>
  <source><![CDATA[https://www.vesti.ru/doc.html?id=3148310&cid=680]]></source>
  <category verify="true" type="list" auto="true">
    <item type="str"><![CDATA[Новости]]></item>
    <item type="str"><![CDATA[Спорт]]></item>
    <item type="str"><![CDATA[Все видео этой рубрики]]></item>
  </category>
  <title verify="true" type="str" auto="true"><![CDATA[Надаль стал полуфиналистом Masters в Риме]]></title>
  <text verify="true" type="str" auto="true"><![CDATA[Испанский теннисист Рафаэль Надаль пробился в полуфинал престижного грунтового турнира серии Masters в Риме. В матче 1/4 финала вторая ракетка мира одержал победу над своим соотечественником Фернандо Вердаско.
Надаль не испытал проблем во встрече с соперником, отдав тому всего четыре гейма. Поединок завершился со счетом 6:4, 6:0 в пользу второго номера посева в Риме. Теннисисты провели на корте 1 час 39 минут.
Вердаско покидает турнир, а Надаль идет по сетке дальше. За путевку в финал соревнования испанец поборется с греком русского происхождения Стефаносом Циципасом. Тот пробился в полуфинал после отказа от проведения матча со стороны швейцарца Роджера Федерера, который травмировал ногу.
Напомним, что именно Надаль является действующим чемпионом турнира в Риме.]]></text>
</doc>
