<?xml version='1.0' encoding='UTF-8'?>
<doc>
  <source><![CDATA[https://www.vesti.ru/doc.html?id=3149825&cid=680]]></source>
  <category verify="true" type="list" auto="true">
    <item type="str"><![CDATA[Новости]]></item>
    <item type="str"><![CDATA[Спорт]]></item>
    <item type="str"><![CDATA[Все видео этой рубрики]]></item>
  </category>
  <title verify="true" type="str" auto="true"><![CDATA[Министерство спорта выделило регионам 40 миллиардов рублей]]></title>
  <text verify="true" type="str" auto="true"><![CDATA[Министерство спорта России в течении трех лет выделило регионам более сорока миллиардов рублей. Эти средства пошли на развитие инфраструктуры спортивных объектов.
Министр спорта Павел Колобков во время правительственного часа в Думе рассказал о поддержке его ведомством российских регионов. "В рамках инвестиционных программ Минспорта России на развитие спортивной инфраструктуры региональным бюджетам выделены средства в объеме 40 млрд. 700 млн рублей", — цитирует министра Интерфакс.
Павел Колобков также сообщил о создании в субъектах Российской федерации региональных центров. запланировано строительство 39-ти объектов спорта в 35 регионах на сумму около 12 млрд. рублей. Кроме этого 2019-м году запущены Программы развития футбола и хоккея.]]></text>
</doc>
