<?xml version='1.0' encoding='UTF-8'?>
<doc>
  <source><![CDATA[https://www.vesti.ru/doc.html?id=3147962&cid=5]]></source>
  <category verify="true" type="list" auto="true">
    <item type="str"><![CDATA[Новости]]></item>
    <item type="str"><![CDATA[Политика]]></item>
    <item type="str"><![CDATA[Все видео этой рубрики]]></item>
  </category>
  <title verify="true" type="str" auto="true"><![CDATA[Советник Зеленского уверен, что тот инициирует роспуск Рады]]></title>
  <text verify="true" type="str" auto="true"><![CDATA[Советник Зеленского Дмитрий Разумков считает, что президент инициирует роспуск украинского парламента. При этом, уверен политик, Зеленский готов помочь Верховной раде напоследок выполнить хотя бы часть данных ранее обещаний.
Владимир Зеленский ранее не исключал, что после вступления в должность инициирует роспуск Рады, напоминает РИА Новости. Он обвинял депутатов в том, что они намерено затягивали сроки его инаугурации. Если бы Зеленский принял присягу после 27 мая, он, согласно украинскому законодательству, потерял бы возможность добиться досрочных парламентских выборов.
Роспуск Рады может быть инициирован в трех случаях. Первый – отсутствие коалиции в парламенте. Второй – если Рада в течение месяца не собиралась на заседания. Третий – если парламент не может сформировать правительство. При этом подписать указ о роспуске Рады может только президент.
Инаугурация Зеленского пройдет 20 мая. В его штабе надеются, что решением по инаугурации закончится период неопределенности.]]></text>
</doc>
