<?xml version='1.0' encoding='UTF-8'?>
<doc>
  <source><![CDATA[https://www.vesti.ru/doc.html?id=3150820&cid=680]]></source>
  <category verify="true" type="list" auto="true">
    <item type="str"><![CDATA[Новости]]></item>
    <item type="str"><![CDATA[Спорт]]></item>
    <item type="str"><![CDATA[Все видео этой рубрики]]></item>
  </category>
  <title verify="true" type="str" auto="true"><![CDATA[Леонарду Жардим все команды подойдут к последнему туру с серьезным настроем]]></title>
  <text verify="true" type="str" auto="true"><![CDATA[В заключительном матче чемпионата Франции "Монако" на выезде сыграет с "Ниццей". Главный тренер монегаской Леонарду Жардим поделился ожиданиями от предстоящего противостояния с командой Патрика Виейра.
"Нам предстоит важный матч, и мы должны одержать победу над "Ниццей", чтобы утвердить свое сохранение прописки в лиги 1, – приводит слова Жардима пресс-служба "Монако". – Все команды подойдут к последнему туру с серьезным настроем.
"В команде царит позитивная атмосфера после победы над "Амьеном". Мы должны воспользоваться этим, чтобы подготовиться к ближайшей встрече. Потребуется проявить характер в игре, чтобы добиться поставленной цели", – подытожил португальский специалист.
Ранее Жардим объявил имена футболистов, которые вошли в заявку на заключительный матч тура, в список игроков попал российский полузащитник Александр Головин. Матч состоится в пятницу, 24 мая и начнется в 22:00 по московскому времени.]]></text>
</doc>
