<?xml version='1.0' encoding='UTF-8'?>
<doc>
  <source><![CDATA[https://www.vesti.ru/doc.html?id=3150529&cid=7]]></source>
  <category verify="true" type="list" auto="true">
    <item type="str"><![CDATA[Новости]]></item>
    <item type="str"><![CDATA[Общество]]></item>
    <item type="str"><![CDATA[Все видео этой рубрики]]></item>
  </category>
  <title verify="true" type="str" auto="true"><![CDATA[В Зарядье начались бесплатные показы спектаклей Венской оперы]]></title>
  <text verify="true" type="str" auto="true"><![CDATA[В "Зарядье" начались открытые бесплатные показы спектаклей Венской оперы. Они приурочены к 150-летию австрийского театра.
Зрители увидят четыре постановки. Причем, две из них в прямом эфире, в том числе оперу "Андре Шенье", главные партии в которой исполнят Анна Нетребко и Юсиф Эйвазов, передает "Россия 24".
Открыл серию показ балета "Лебединое озеро".
"Австрия празднует 150-летие национальной оперы. И за пределами Австрии только в Москве это событие отмечается так масштабно. Почему именно в Москве? Потому что мы знаем, что местная публика хорошо разбирается в музыке, понимает оперу, что с московской публикой мы можем общаться на равных. Поэтому мы должны разделить этот праздник", — сказал директор Венского совета по туризму Норберт Кеттнер.]]></text>
</doc>
