<?xml version='1.0' encoding='UTF-8'?>
<doc>
  <source><![CDATA[https://www.vesti.ru/doc.html?id=3148180&cid=8]]></source>
  <category verify="true" type="list" auto="true">
    <item type="str"><![CDATA[Новости]]></item>
    <item type="str"><![CDATA[Происшествия]]></item>
    <item type="str"><![CDATA[Все видео этой рубрики]]></item>
  </category>
  <title verify="true" type="str" auto="true"><![CDATA[Россошанскому хирургу, по вине которого умер пациент, вынесли обвинительный приговор]]></title>
  <text verify="true" type="str" auto="true"><![CDATA[Хирургу, по вине которого умер пациент, вынесли обвинительный приговор. Врачу Россошанской районной больницы Александру Гончарову на два года ограничили свободу, сообщает ГТРК "Воронеж". Это значит, что он не сможет посещать некоторые места, в том числе массовые мероприятия. Также ограничения наложены на время суток, когда он сможет уходить из дома.
Как отметили в прокуратуре Воронежской области, судом были установлены детали произошедшего. В ноябре 2017 года житель Россоши оказался в больнице после ухудшения здоровья. Лечащим врачом — хирургом Гончаровым, который занимался историей болезни, слишком поздно было принято решение о необходимости проведения операции. По заключению судмедэкспертизы, диагноз пациенту изначально был установлен неверно. В результате мужчина скончался.
Кроме ограничения свободы, врача лишили права работать хирургом в течение одного года. Также он должен будет выплатить штраф за моральный ущерб — 400 тысяч рублей. Об этом сообщили в областной прокуратуре.
Текст: ГТРК "Воронеж"]]></text>
</doc>
