<?xml version='1.0' encoding='UTF-8'?>
<doc>
  <source><![CDATA[https://www.vesti.ru/doc.html?id=3148127&cid=680]]></source>
  <category verify="true" type="list" auto="true">
    <item type="str"><![CDATA[Новости]]></item>
    <item type="str"><![CDATA[Спорт]]></item>
    <item type="str"><![CDATA[Все видео этой рубрики]]></item>
  </category>
  <title verify="true" type="str" auto="true"><![CDATA[Василевский – в старте сборной России на матч против Латвии]]></title>
  <text verify="true" type="str" auto="true"><![CDATA[Вратарь сборной России по хоккею Андрей Василевский выйдет на матч чемпионата мира против команды Латвии с первых минут. Об этом в преддверии поединка сообщил главный тренер национальной сборной России Илья Воробьев.
"Василевский будет играть против сборной Латвии в субботу", — приводит слова Воробьева РИА Новости.
Напомним, что голкипер провел за "красную машину" три матча группового этапа мирового первенства из четырех. В двух из них он сохранял свои ворота в неприкосновенности. Все за три встречи Василевский отразил 63 из 65 бросков.
Матч между сборной России и Латвии состоится в субботу, 18 мая, в Братиславе на "Ондржей Непела Арене". Начало встречи – в 13:15 по московскому времени.]]></text>
</doc>
