<?xml version='1.0' encoding='UTF-8'?>
<doc>
  <source><![CDATA[https://www.vesti.ru/doc.html?id=3149792&cid=680]]></source>
  <category verify="true" type="list" auto="true">
    <item type="str"><![CDATA[Новости]]></item>
    <item type="str"><![CDATA[Спорт]]></item>
    <item type="str"><![CDATA[Все видео этой рубрики]]></item>
  </category>
  <title verify="true" type="str" auto="true"><![CDATA[Олимпийская чемпионка по плаванию завершила карьеру из-за проблем с допингом]]></title>
  <text verify="true" type="str" auto="true"><![CDATA[Литовская пловчиха Рута Мейлутите объявила о завершении карьеры. 22-летней спортсменке грозила дисквалификация за пропуск допинг-тестов.
Олимпийская чемпионка 2012 года пропустила три допинг-теста, что является серьезным нарушением антидопинговых правил. Мейлутите грозила дисквалификация сроком на два года. Но Рута не стала дожидаться наказания и завершила выступления.
Рута Мейлутите в 2012 году завоевала золотую медаль на Олимпиаде в Лондоне, победив на дистанции сто метров брассом. Кроме того, она является мировой рекордсменкой на этой дистанции.]]></text>
</doc>
