<?xml version='1.0' encoding='UTF-8'?>
<doc>
  <source><![CDATA[https://www.vesti.ru/doc.html?id=3149831&cid=8]]></source>
  <category verify="true" type="list" auto="true">
    <item type="str"><![CDATA[Новости]]></item>
    <item type="str"><![CDATA[Происшествия]]></item>
    <item type="str"><![CDATA[Все видео этой рубрики]]></item>
  </category>
  <title verify="true" type="str" auto="true"><![CDATA[Мать оштрафовали за то, что закормила до смерти грудничка разведенными сливками]]></title>
  <text verify="true" type="str" auto="true"><![CDATA[В Кемеровской области суд приговорил к штрафу 29-летнюю женщину за "причинение смерти по неосторожности своему 4-месячному ребенку.
Во время следствия выяснилось: вместо того, чтобы поить ребенка специальной детской смесью, она разводила в воде сухие сливки.
Через несколько месяцев новорожденного госпитализировали из-за плохого самочувствия, но спасти его не удалось.
Судмедэксперты выяснили, что у малыша на фоне нехватки питательных веществ образовалась полиорганная недостаточность, что привело к отеку головного мозга, сообщает управление СК РФ по Кемеровской области.]]></text>
</doc>
