<?xml version='1.0' encoding='UTF-8'?>
<doc>
  <source><![CDATA[https://www.vesti.ru/doc.html?id=3149758&cid=7]]></source>
  <category verify="true" type="list" auto="true">
    <item type="str"><![CDATA[Новости]]></item>
    <item type="str"><![CDATA[Общество]]></item>
    <item type="str"><![CDATA[Все видео этой рубрики]]></item>
  </category>
  <title verify="true" type="str" auto="true"><![CDATA[Суд арестовал ростовского замгубернатора]]></title>
  <text verify="true" type="str" auto="true"><![CDATA[Арестован заместитель губернатора региона по ЖКХ Сергей Сидаш. Решение принято районным судом в Ростове-на-Дону, передает "Интерфакс".
Ранее сообщалось о возбуждении уголовного дела по статье "Превышение должностных полномочий с причинением тяжких последствий" в отношении Сидаша. Оперативники провели обыски у него дома и в рабочем кабинете. Сидаш был задержан в Ростове-на-Дону в рамках расследования уголовного дела в отношении экс-министра строительства, архитектуры и территориального развития Ростовской области Николая Безуглова.
В отношении Безуглова в конце марта 2019 года возбуждено уголовное дело по статье "Злоупотребление полномочиями, повлекшее тяжкие последствия", он арестован до 28 мая.
С 2010 по 2015 год Сидаш занимал должность министра жилищно-коммунального хозяйства Ростовской области, после чего работал советником губернатора. Заместителем губернатора региона по ЖКХ Сидаш был назначен 27 сентября 2016 года.]]></text>
</doc>
