<?xml version='1.0' encoding='UTF-8'?>
<doc>
  <source><![CDATA[https://www.vesti.ru/doc.html?id=3150249&cid=9]]></source>
  <category verify="true" type="list" auto="true">
    <item type="str"><![CDATA[Новости]]></item>
    <item type="str"><![CDATA[В мире]]></item>
    <item type="str"><![CDATA[Все видео этой рубрики]]></item>
  </category>
  <title verify="true" type="str" auto="true"><![CDATA[На сайте президента Украины появились две петиции за отставку Зеленского]]></title>
  <text verify="true" type="str" auto="true"><![CDATA[На сайте президента Украины зарегистрированы две петиции об отставке Владимира Зеленского.
Согласно одной, президента следует отправить в отставку из отсутствия у него "конкретного пути" развития страны. Максим Безрук, который указан автором петиции, обращаясь к президенту, говорит, что он не объединяет большинство граждан Украины, обладающих "противоположными взглядами и желаниями". Никаких конкретных обещаний и политических ориентиров Зеленский, по мнению Безрука, не дал, поэтому теперь у него нет "конкретного пути". Петиция была размещена 22 мая и уже собрала 12 тысяч подписей.
Во второй петиции предлагается отправить Зеленского в отставку, если тот не выполнит в течение полугода предвыборные обещания. Ее автор – Вадим Михальский – также зарегистрировал документ в среду, но его петиция набрала пока более 2 тысяч голосов.
Чтобы петицию рассмотрел президент, она должна набрать не менее 25 тысяч голосов в течение трех месяцев.]]></text>
</doc>
