<?xml version='1.0' encoding='UTF-8'?>
<doc>
  <source><![CDATA[https://www.vesti.ru/doc.html?id=3150178&cid=680]]></source>
  <category verify="true" type="list" auto="true">
    <item type="str"><![CDATA[Новости]]></item>
    <item type="str"><![CDATA[Спорт]]></item>
    <item type="str"><![CDATA[Все видео этой рубрики]]></item>
  </category>
  <title verify="true" type="str" auto="true"><![CDATA[Римас Куртинайтис были шансы на победу, но не смогли тактически правильно сыграть]]></title>
  <text verify="true" type="str" auto="true"><![CDATA[В первом полуфинальном матче баскетбольной Единой лиги ВТБ подмосковные "Химки" на выезде проиграли казанскому УНИКСу. Главный тренер химчан Римас Куртинайтис поделился впечатлениями от игры своих подопечных.
"Мы контролировали большую часть игры и все время лидировали, но очень неудачно стартовали в четвертой четверти. Не удержали результат и тактически играли неправильно, – приводит слова Куртинайтиса пресс-служба пресс-служба "Химок". – Есть моменты, когда весь матч ты набираешь результат, а есть моменты, когда этот результат ты должен сохранить".
"У нас были все шансы на победу, но не смогли тактически правильно сыграть в четвертой четверти, ее мы просто бездарно проиграли со счетом 17-32. Стали фокусироваться только на трехочковых бросках, которых выбросили 41. Не помню, чтобы команды бросала столько трехочковых. Независимо от хороших попаданий, мы должны играть разнообразнее", – подытожил наставник "Химок".]]></text>
</doc>
