<?xml version='1.0' encoding='UTF-8'?>
<doc>
  <source><![CDATA[https://www.vesti.ru/doc.html?id=3150783&cid=8]]></source>
  <category verify="true" type="list" auto="true">
    <item type="str"><![CDATA[Новости]]></item>
    <item type="str"><![CDATA[Происшествия]]></item>
    <item type="str"><![CDATA[Все видео этой рубрики]]></item>
  </category>
  <title verify="true" type="str" auto="true"><![CDATA[Доставлен в суд опубликовано видео с устроившим поножовщину игуменом]]></title>
  <text verify="true" type="str" auto="true"><![CDATA[Отец Севастиан (в миру Николай Запольнов), два дня назад устроивший поножовщину в Троице-Сергиевой лавре, доставлен в суд на процедуру ареста.
В минувший четверг игумен был лишен сана патриархом Московским и всея Руси Кириллом.
  Напомним, что 22 мая игумен Севастиан, поссорившись, бросился с ножом на иеродьякона Поликарпа (в миру Николая Сидорова), обвиняя последнего в присвоении пожертвований.
Монах Поликарп лег в больницу с несколькими ножевыми ранениями, и как пришел в сознание, простил нападавшего, обвинения которого не подтвердились.
В свою очередь, игумен Севастиан попал в руки мирян-полицейских, и в настоящее время суд решает его дальнейшую участь.]]></text>
</doc>
